// Validating benchmarks:
// ***** BenchmarkRunner: Start   *****
// ***** Found 20 benchmark(s) in total *****
// ***** Building 1 exe(s) in Parallel: Start   *****
// ***** Done, took 00:00:00 (0.06 sec)   *****
// Found 20 benchmarks:
//   MappingBenchmarks.Raw_TypedResults_Ok: ShortRun(Toolchain=InProcessEmitToolchain, IterationCount=3, LaunchCount=1, WarmupCount=3)
//   MappingBenchmarks.Raw_TypedResults_Problem: ShortRun(Toolchain=InProcessEmitToolchain, IterationCount=3, LaunchCount=1, WarmupCount=3)
//   MappingBenchmarks.Lookup_FindError: ShortRun(Toolchain=InProcessEmitToolchain, IterationCount=3, LaunchCount=1, WarmupCount=3)
//   MappingBenchmarks.Lookup_FindError_miss: ShortRun(Toolchain=InProcessEmitToolchain, IterationCount=3, LaunchCount=1, WarmupCount=3)
//   MappingBenchmarks.Lookup_FindErrorForInstance: ShortRun(Toolchain=InProcessEmitToolchain, IterationCount=3, LaunchCount=1, WarmupCount=3)
//   MappingBenchmarks.Lookup_TryGetEndpointErrors: ShortRun(Toolchain=InProcessEmitToolchain, IterationCount=3, LaunchCount=1, WarmupCount=3)
//   MappingBenchmarks.Core_Success: ShortRun(Toolchain=InProcessEmitToolchain, IterationCount=3, LaunchCount=1, WarmupCount=3)
//   MappingBenchmarks.Core_Failure: ShortRun(Toolchain=InProcessEmitToolchain, IterationCount=3, LaunchCount=1, WarmupCount=3)
//   MappingBenchmarks.ErrorOr_Success: ShortRun(Toolchain=InProcessEmitToolchain, IterationCount=3, LaunchCount=1, WarmupCount=3)
//   MappingBenchmarks.ErrorOr_Failure: ShortRun(Toolchain=InProcessEmitToolchain, IterationCount=3, LaunchCount=1, WarmupCount=3)
//   MappingBenchmarks.OneOf_Success: ShortRun(Toolchain=InProcessEmitToolchain, IterationCount=3, LaunchCount=1, WarmupCount=3)
//   MappingBenchmarks.OneOf_Failure: ShortRun(Toolchain=InProcessEmitToolchain, IterationCount=3, LaunchCount=1, WarmupCount=3)
//   MappingBenchmarks.LanguageExt_Success: ShortRun(Toolchain=InProcessEmitToolchain, IterationCount=3, LaunchCount=1, WarmupCount=3)
//   MappingBenchmarks.LanguageExt_Failure: ShortRun(Toolchain=InProcessEmitToolchain, IterationCount=3, LaunchCount=1, WarmupCount=3)
//   MappingBenchmarks.FluentResults_Success: ShortRun(Toolchain=InProcessEmitToolchain, IterationCount=3, LaunchCount=1, WarmupCount=3)
//   MappingBenchmarks.FluentResults_Failure: ShortRun(Toolchain=InProcessEmitToolchain, IterationCount=3, LaunchCount=1, WarmupCount=3)
//   MappingBenchmarks.Ardalis_Success: ShortRun(Toolchain=InProcessEmitToolchain, IterationCount=3, LaunchCount=1, WarmupCount=3)
//   MappingBenchmarks.Ardalis_Failure: ShortRun(Toolchain=InProcessEmitToolchain, IterationCount=3, LaunchCount=1, WarmupCount=3)
//   MappingBenchmarks.Cfe_Success: ShortRun(Toolchain=InProcessEmitToolchain, IterationCount=3, LaunchCount=1, WarmupCount=3)
//   MappingBenchmarks.Cfe_Failure: ShortRun(Toolchain=InProcessEmitToolchain, IterationCount=3, LaunchCount=1, WarmupCount=3)

Setup power plan (GUID: 8c5e7fda-e8bf-4a96-9a85-a6e23a8c635c FriendlyName: Wysoka wydajność)
// **************************
// Benchmark: MappingBenchmarks.Raw_TypedResults_Ok: ShortRun(Toolchain=InProcessEmitToolchain, IterationCount=3, LaunchCount=1, WarmupCount=3)
// *** Execute ***
// Launch: 1 / 1

// Benchmark Process Environment Information:
// BenchmarkDotNet v0.15.4
// Runtime=.NET 10.0.9 (10.0.9, 10.0.926.27113), X64 RyuJIT x86-64-v3
// GC=Concurrent Workstation
// HardwareIntrinsics=AVX2+BMI1+BMI2+F16C+FMA+LZCNT+MOVBE,AVX,SSE3+SSSE3+SSE4.1+SSE4.2+POPCNT,X86Base+SSE+SSE2,AES+PCLMUL VectorSize=256
// Job: Job-ZYJCSJ(Toolchain=InProcessEmitToolchain, IterationCount=3, LaunchCount=1, WarmupCount=3)

OverheadJitting  1: 1 op, 225400.00 ns, 225.4000 us/op
WorkloadJitting  1: 1 op, 1152100.00 ns, 1.1521 ms/op

OverheadJitting  2: 16 op, 653600.00 ns, 40.8500 us/op
WorkloadJitting  2: 16 op, 630300.00 ns, 39.3938 us/op

WorkloadPilot    1: 16 op, 3100.00 ns, 193.7500 ns/op
WorkloadPilot    2: 32 op, 2100.00 ns, 65.6250 ns/op
WorkloadPilot    3: 64 op, 2500.00 ns, 39.0625 ns/op
WorkloadPilot    4: 128 op, 10400.00 ns, 81.2500 ns/op
WorkloadPilot    5: 256 op, 16000.00 ns, 62.5000 ns/op
WorkloadPilot    6: 512 op, 19700.00 ns, 38.4766 ns/op
WorkloadPilot    7: 1024 op, 31000.00 ns, 30.2734 ns/op
WorkloadPilot    8: 2048 op, 63800.00 ns, 31.1523 ns/op
WorkloadPilot    9: 4096 op, 121100.00 ns, 29.5654 ns/op
WorkloadPilot   10: 8192 op, 243100.00 ns, 29.6753 ns/op
WorkloadPilot   11: 16384 op, 470100.00 ns, 28.6926 ns/op
WorkloadPilot   12: 32768 op, 936000.00 ns, 28.5645 ns/op
WorkloadPilot   13: 65536 op, 1884800.00 ns, 28.7598 ns/op
WorkloadPilot   14: 131072 op, 3801900.00 ns, 29.0062 ns/op
WorkloadPilot   15: 262144 op, 7209900.00 ns, 27.5036 ns/op
WorkloadPilot   16: 524288 op, 12479100.00 ns, 23.8020 ns/op
WorkloadPilot   17: 1048576 op, 23180700.00 ns, 22.1068 ns/op
WorkloadPilot   18: 2097152 op, 47742100.00 ns, 22.7652 ns/op
WorkloadPilot   19: 4194304 op, 94502100.00 ns, 22.5311 ns/op
WorkloadPilot   20: 8388608 op, 187197100.00 ns, 22.3156 ns/op
WorkloadPilot   21: 16777216 op, 249400500.00 ns, 14.8654 ns/op
WorkloadPilot   22: 33554432 op, 245682100.00 ns, 7.3219 ns/op
WorkloadPilot   23: 67108864 op, 484586900.00 ns, 7.2209 ns/op
WorkloadPilot   24: 134217728 op, 980182000.00 ns, 7.3029 ns/op

OverheadWarmup   1: 134217728 op, 378794500.00 ns, 2.8222 ns/op
OverheadWarmup   2: 134217728 op, 372982000.00 ns, 2.7789 ns/op
OverheadWarmup   3: 134217728 op, 359201400.00 ns, 2.6763 ns/op
OverheadWarmup   4: 134217728 op, 355817500.00 ns, 2.6510 ns/op
OverheadWarmup   5: 134217728 op, 355784600.00 ns, 2.6508 ns/op
OverheadWarmup   6: 134217728 op, 355683000.00 ns, 2.6500 ns/op
OverheadWarmup   7: 134217728 op, 364001800.00 ns, 2.7120 ns/op
OverheadWarmup   8: 134217728 op, 363722000.00 ns, 2.7099 ns/op
OverheadWarmup   9: 134217728 op, 358563900.00 ns, 2.6715 ns/op
OverheadWarmup  10: 134217728 op, 360071800.00 ns, 2.6827 ns/op

OverheadActual   1: 134217728 op, 357206500.00 ns, 2.6614 ns/op
OverheadActual   2: 134217728 op, 361780000.00 ns, 2.6955 ns/op
OverheadActual   3: 134217728 op, 360309700.00 ns, 2.6845 ns/op
OverheadActual   4: 134217728 op, 355752400.00 ns, 2.6506 ns/op
OverheadActual   5: 134217728 op, 360904000.00 ns, 2.6889 ns/op
OverheadActual   6: 134217728 op, 358859900.00 ns, 2.6737 ns/op
OverheadActual   7: 134217728 op, 355182500.00 ns, 2.6463 ns/op
OverheadActual   8: 134217728 op, 355021600.00 ns, 2.6451 ns/op
OverheadActual   9: 134217728 op, 359772200.00 ns, 2.6805 ns/op
OverheadActual  10: 134217728 op, 356584800.00 ns, 2.6568 ns/op
OverheadActual  11: 134217728 op, 355989900.00 ns, 2.6523 ns/op
OverheadActual  12: 134217728 op, 356317600.00 ns, 2.6548 ns/op
OverheadActual  13: 134217728 op, 359223400.00 ns, 2.6764 ns/op
OverheadActual  14: 134217728 op, 357437900.00 ns, 2.6631 ns/op
OverheadActual  15: 134217728 op, 357346900.00 ns, 2.6624 ns/op

WorkloadWarmup   1: 134217728 op, 955204300.00 ns, 7.1168 ns/op
WorkloadWarmup   2: 134217728 op, 954049700.00 ns, 7.1082 ns/op
WorkloadWarmup   3: 134217728 op, 956112600.00 ns, 7.1236 ns/op

WorkloadActual   1: 134217728 op, 948565300.00 ns, 7.0674 ns/op
WorkloadActual   2: 134217728 op, 970392200.00 ns, 7.2300 ns/op
WorkloadActual   3: 134217728 op, 968500500.00 ns, 7.2159 ns/op

WorkloadResult   1: 134217728 op, 591218400.00 ns, 4.4049 ns/op
WorkloadResult   2: 134217728 op, 613045300.00 ns, 4.5675 ns/op
WorkloadResult   3: 134217728 op, 611153600.00 ns, 4.5534 ns/op
// GC:  385 0 0 3221225472 134217728
// Threading:  0 0 134217728


Mean = 4.509 ns, StdErr = 0.052 ns (1.15%), N = 3, StdDev = 0.090 ns
Min = 4.405 ns, Q1 = 4.479 ns, Median = 4.553 ns, Q3 = 4.560 ns, Max = 4.568 ns
IQR = 0.081 ns, LowerFence = 4.357 ns, UpperFence = 4.682 ns
ConfidenceInterval = [2.865 ns; 6.152 ns] (CI 99.9%), Margin = 1.644 ns (36.46% of Mean)
Skewness = -0.37, Kurtosis = 0.67, MValue = 2

// ** Remained 19 (95.0 %) benchmark(s) to run. Estimated finish 2026-08-30 15:59 (0h 5m from now) **
Setup power plan (GUID: 8c5e7fda-e8bf-4a96-9a85-a6e23a8c635c FriendlyName: Wysoka wydajność)
// **************************
// Benchmark: MappingBenchmarks.Raw_TypedResults_Problem: ShortRun(Toolchain=InProcessEmitToolchain, IterationCount=3, LaunchCount=1, WarmupCount=3)
// *** Execute ***
// Launch: 1 / 1

// Benchmark Process Environment Information:
// BenchmarkDotNet v0.15.4
// Runtime=.NET 10.0.9 (10.0.9, 10.0.926.27113), X64 RyuJIT x86-64-v3
// GC=Concurrent Workstation
// HardwareIntrinsics=AVX2+BMI1+BMI2+F16C+FMA+LZCNT+MOVBE,AVX,SSE3+SSSE3+SSE4.1+SSE4.2+POPCNT,X86Base+SSE+SSE2,AES+PCLMUL VectorSize=256
// Job: Job-ZYJCSJ(Toolchain=InProcessEmitToolchain, IterationCount=3, LaunchCount=1, WarmupCount=3)

OverheadJitting  1: 1 op, 224900.00 ns, 224.9000 us/op
WorkloadJitting  1: 1 op, 854400.00 ns, 854.4000 us/op

OverheadJitting  2: 16 op, 572400.00 ns, 35.7750 us/op
WorkloadJitting  2: 16 op, 630600.00 ns, 39.4125 us/op

WorkloadPilot    1: 16 op, 12600.00 ns, 787.5000 ns/op
WorkloadPilot    2: 32 op, 19800.00 ns, 618.7500 ns/op
WorkloadPilot    3: 64 op, 15200.00 ns, 237.5000 ns/op
WorkloadPilot    4: 128 op, 25600.00 ns, 200.0000 ns/op
WorkloadPilot    5: 256 op, 41000.00 ns, 160.1563 ns/op
WorkloadPilot    6: 512 op, 103400.00 ns, 201.9531 ns/op
WorkloadPilot    7: 1024 op, 151000.00 ns, 147.4609 ns/op
WorkloadPilot    8: 2048 op, 305500.00 ns, 149.1699 ns/op
WorkloadPilot    9: 4096 op, 600700.00 ns, 146.6553 ns/op
WorkloadPilot   10: 8192 op, 1558600.00 ns, 190.2588 ns/op
WorkloadPilot   11: 16384 op, 2368000.00 ns, 144.5313 ns/op
WorkloadPilot   12: 32768 op, 4448700.00 ns, 135.7635 ns/op
WorkloadPilot   13: 65536 op, 8531200.00 ns, 130.1758 ns/op
WorkloadPilot   14: 131072 op, 15358600.00 ns, 117.1768 ns/op
WorkloadPilot   15: 262144 op, 28673600.00 ns, 109.3811 ns/op
WorkloadPilot   16: 524288 op, 56684100.00 ns, 108.1163 ns/op
WorkloadPilot   17: 1048576 op, 64920800.00 ns, 61.9133 ns/op
WorkloadPilot   18: 2097152 op, 58848500.00 ns, 28.0612 ns/op
WorkloadPilot   19: 4194304 op, 117595000.00 ns, 28.0368 ns/op
WorkloadPilot   20: 8388608 op, 233912300.00 ns, 27.8845 ns/op
WorkloadPilot   21: 16777216 op, 461140000.00 ns, 27.4861 ns/op
WorkloadPilot   22: 33554432 op, 906201500.00 ns, 27.0069 ns/op

OverheadWarmup   1: 33554432 op, 90983500.00 ns, 2.7115 ns/op
OverheadWarmup   2: 33554432 op, 90334600.00 ns, 2.6922 ns/op
OverheadWarmup   3: 33554432 op, 90705400.00 ns, 2.7032 ns/op
OverheadWarmup   4: 33554432 op, 91119700.00 ns, 2.7156 ns/op
OverheadWarmup   5: 33554432 op, 90518200.00 ns, 2.6977 ns/op
OverheadWarmup   6: 33554432 op, 90611900.00 ns, 2.7004 ns/op
OverheadWarmup   7: 33554432 op, 90793600.00 ns, 2.7059 ns/op
OverheadWarmup   8: 33554432 op, 90490900.00 ns, 2.6968 ns/op

OverheadActual   1: 33554432 op, 90276800.00 ns, 2.6905 ns/op
OverheadActual   2: 33554432 op, 90206600.00 ns, 2.6884 ns/op
OverheadActual   3: 33554432 op, 90638000.00 ns, 2.7012 ns/op
OverheadActual   4: 33554432 op, 90835300.00 ns, 2.7071 ns/op
OverheadActual   5: 33554432 op, 90582600.00 ns, 2.6996 ns/op
OverheadActual   6: 33554432 op, 90361200.00 ns, 2.6930 ns/op
OverheadActual   7: 33554432 op, 90505800.00 ns, 2.6973 ns/op
OverheadActual   8: 33554432 op, 90419400.00 ns, 2.6947 ns/op
OverheadActual   9: 33554432 op, 90547800.00 ns, 2.6985 ns/op
OverheadActual  10: 33554432 op, 90365800.00 ns, 2.6931 ns/op
OverheadActual  11: 33554432 op, 90209500.00 ns, 2.6885 ns/op
OverheadActual  12: 33554432 op, 90422700.00 ns, 2.6948 ns/op
OverheadActual  13: 33554432 op, 90263500.00 ns, 2.6901 ns/op
OverheadActual  14: 33554432 op, 90598200.00 ns, 2.7000 ns/op
OverheadActual  15: 33554432 op, 90781400.00 ns, 2.7055 ns/op

WorkloadWarmup   1: 33554432 op, 870269300.00 ns, 25.9360 ns/op
WorkloadWarmup   2: 33554432 op, 868687000.00 ns, 25.8889 ns/op
WorkloadWarmup   3: 33554432 op, 874678200.00 ns, 26.0674 ns/op

WorkloadActual   1: 33554432 op, 883701900.00 ns, 26.3364 ns/op
WorkloadActual   2: 33554432 op, 897037100.00 ns, 26.7338 ns/op
WorkloadActual   3: 33554432 op, 893788600.00 ns, 26.6370 ns/op

WorkloadResult   1: 33554432 op, 793279200.00 ns, 23.6416 ns/op
WorkloadResult   2: 33554432 op, 806614400.00 ns, 24.0390 ns/op
WorkloadResult   3: 33554432 op, 803365900.00 ns, 23.9422 ns/op
// GC:  673 0 0 5637148224 33554432
// Threading:  0 0 33554432


Mean = 23.874 ns, StdErr = 0.120 ns (0.50%), N = 3, StdDev = 0.207 ns
Min = 23.642 ns, Q1 = 23.792 ns, Median = 23.942 ns, Q3 = 23.991 ns, Max = 24.039 ns
IQR = 0.199 ns, LowerFence = 23.494 ns, UpperFence = 24.289 ns
ConfidenceInterval = [20.093 ns; 27.655 ns] (CI 99.9%), Margin = 3.781 ns (15.84% of Mean)
Skewness = -0.29, Kurtosis = 0.67, MValue = 2

// ** Remained 18 (90.0 %) benchmark(s) to run. Estimated finish 2026-08-30 15:58 (0h 4m from now) **
Setup power plan (GUID: 8c5e7fda-e8bf-4a96-9a85-a6e23a8c635c FriendlyName: Wysoka wydajność)
// **************************
// Benchmark: MappingBenchmarks.Lookup_FindError: ShortRun(Toolchain=InProcessEmitToolchain, IterationCount=3, LaunchCount=1, WarmupCount=3)
// *** Execute ***
// Launch: 1 / 1

// Benchmark Process Environment Information:
// BenchmarkDotNet v0.15.4
// Runtime=.NET 10.0.9 (10.0.9, 10.0.926.27113), X64 RyuJIT x86-64-v3
// GC=Concurrent Workstation
// HardwareIntrinsics=AVX2+BMI1+BMI2+F16C+FMA+LZCNT+MOVBE,AVX,SSE3+SSSE3+SSE4.1+SSE4.2+POPCNT,X86Base+SSE+SSE2,AES+PCLMUL VectorSize=256
// Job: Job-ZYJCSJ(Toolchain=InProcessEmitToolchain, IterationCount=3, LaunchCount=1, WarmupCount=3)

OverheadJitting  1: 1 op, 233000.00 ns, 233.0000 us/op
WorkloadJitting  1: 1 op, 392400.00 ns, 392.4000 us/op

OverheadJitting  2: 16 op, 545900.00 ns, 34.1188 us/op
WorkloadJitting  2: 16 op, 574300.00 ns, 35.8938 us/op

WorkloadPilot    1: 16 op, 2000.00 ns, 125.0000 ns/op
WorkloadPilot    2: 32 op, 1500.00 ns, 46.8750 ns/op
WorkloadPilot    3: 64 op, 2000.00 ns, 31.2500 ns/op
WorkloadPilot    4: 128 op, 3500.00 ns, 27.3438 ns/op
WorkloadPilot    5: 256 op, 6400.00 ns, 25.0000 ns/op
WorkloadPilot    6: 512 op, 11200.00 ns, 21.8750 ns/op
WorkloadPilot    7: 1024 op, 21500.00 ns, 20.9961 ns/op
WorkloadPilot    8: 2048 op, 42800.00 ns, 20.8984 ns/op
WorkloadPilot    9: 4096 op, 83200.00 ns, 20.3125 ns/op
WorkloadPilot   10: 8192 op, 162300.00 ns, 19.8120 ns/op
WorkloadPilot   11: 16384 op, 324300.00 ns, 19.7937 ns/op
WorkloadPilot   12: 32768 op, 655300.00 ns, 19.9982 ns/op
WorkloadPilot   13: 65536 op, 1280700.00 ns, 19.5419 ns/op
WorkloadPilot   14: 131072 op, 2611100.00 ns, 19.9211 ns/op
WorkloadPilot   15: 262144 op, 4918000.00 ns, 18.7607 ns/op
WorkloadPilot   16: 524288 op, 10081700.00 ns, 19.2293 ns/op
WorkloadPilot   17: 1048576 op, 19671600.00 ns, 18.7603 ns/op
WorkloadPilot   18: 2097152 op, 39508400.00 ns, 18.8391 ns/op
WorkloadPilot   19: 4194304 op, 77147800.00 ns, 18.3935 ns/op
WorkloadPilot   20: 8388608 op, 73309200.00 ns, 8.7391 ns/op
WorkloadPilot   21: 16777216 op, 134997600.00 ns, 8.0465 ns/op
WorkloadPilot   22: 33554432 op, 270088000.00 ns, 8.0492 ns/op
WorkloadPilot   23: 67108864 op, 541618900.00 ns, 8.0708 ns/op

OverheadWarmup   1: 67108864 op, 188448600.00 ns, 2.8081 ns/op
OverheadWarmup   2: 67108864 op, 189082000.00 ns, 2.8175 ns/op
OverheadWarmup   3: 67108864 op, 188604500.00 ns, 2.8104 ns/op
OverheadWarmup   4: 67108864 op, 189107400.00 ns, 2.8179 ns/op
OverheadWarmup   5: 67108864 op, 188729300.00 ns, 2.8123 ns/op

OverheadActual   1: 67108864 op, 188622600.00 ns, 2.8107 ns/op
OverheadActual   2: 67108864 op, 188352700.00 ns, 2.8067 ns/op
OverheadActual   3: 67108864 op, 189022100.00 ns, 2.8166 ns/op
OverheadActual   4: 67108864 op, 188788500.00 ns, 2.8132 ns/op
OverheadActual   5: 67108864 op, 190588100.00 ns, 2.8400 ns/op
OverheadActual   6: 67108864 op, 188884000.00 ns, 2.8146 ns/op
OverheadActual   7: 67108864 op, 188776700.00 ns, 2.8130 ns/op
OverheadActual   8: 67108864 op, 188568800.00 ns, 2.8099 ns/op
OverheadActual   9: 67108864 op, 189038700.00 ns, 2.8169 ns/op
OverheadActual  10: 67108864 op, 189016900.00 ns, 2.8166 ns/op
OverheadActual  11: 67108864 op, 189076100.00 ns, 2.8175 ns/op
OverheadActual  12: 67108864 op, 188489000.00 ns, 2.8087 ns/op
OverheadActual  13: 67108864 op, 188770500.00 ns, 2.8129 ns/op
OverheadActual  14: 67108864 op, 188688900.00 ns, 2.8117 ns/op
OverheadActual  15: 67108864 op, 188459700.00 ns, 2.8083 ns/op

WorkloadWarmup   1: 67108864 op, 542597500.00 ns, 8.0853 ns/op
WorkloadWarmup   2: 67108864 op, 543227000.00 ns, 8.0947 ns/op
WorkloadWarmup   3: 67108864 op, 541647300.00 ns, 8.0712 ns/op

WorkloadActual   1: 67108864 op, 543881800.00 ns, 8.1045 ns/op
WorkloadActual   2: 67108864 op, 541105000.00 ns, 8.0631 ns/op
WorkloadActual   3: 67108864 op, 541930700.00 ns, 8.0754 ns/op

WorkloadResult   1: 67108864 op, 355105100.00 ns, 5.2915 ns/op
WorkloadResult   2: 67108864 op, 352328300.00 ns, 5.2501 ns/op
WorkloadResult   3: 67108864 op, 353154000.00 ns, 5.2624 ns/op
// GC:  0 0 0 3648 67108864
// Threading:  0 0 67108864


Mean = 5.268 ns, StdErr = 0.012 ns (0.23%), N = 3, StdDev = 0.021 ns
Min = 5.250 ns, Q1 = 5.256 ns, Median = 5.262 ns, Q3 = 5.277 ns, Max = 5.291 ns
IQR = 0.021 ns, LowerFence = 5.225 ns, UpperFence = 5.308 ns
ConfidenceInterval = [4.880 ns; 5.656 ns] (CI 99.9%), Margin = 0.388 ns (7.36% of Mean)
Skewness = 0.24, Kurtosis = 0.67, MValue = 2

// ** Remained 17 (85.0 %) benchmark(s) to run. Estimated finish 2026-08-30 15:57 (0h 3m from now) **
Setup power plan (GUID: 8c5e7fda-e8bf-4a96-9a85-a6e23a8c635c FriendlyName: Wysoka wydajność)
// **************************
// Benchmark: MappingBenchmarks.Lookup_FindError_miss: ShortRun(Toolchain=InProcessEmitToolchain, IterationCount=3, LaunchCount=1, WarmupCount=3)
// *** Execute ***
// Launch: 1 / 1

// Benchmark Process Environment Information:
// BenchmarkDotNet v0.15.4
// Runtime=.NET 10.0.9 (10.0.9, 10.0.926.27113), X64 RyuJIT x86-64-v3
// GC=Concurrent Workstation
// HardwareIntrinsics=AVX2+BMI1+BMI2+F16C+FMA+LZCNT+MOVBE,AVX,SSE3+SSSE3+SSE4.1+SSE4.2+POPCNT,X86Base+SSE+SSE2,AES+PCLMUL VectorSize=256
// Job: Job-ZYJCSJ(Toolchain=InProcessEmitToolchain, IterationCount=3, LaunchCount=1, WarmupCount=3)

OverheadJitting  1: 1 op, 228200.00 ns, 228.2000 us/op
WorkloadJitting  1: 1 op, 229600.00 ns, 229.6000 us/op

OverheadJitting  2: 16 op, 545500.00 ns, 34.0938 us/op
WorkloadJitting  2: 16 op, 553300.00 ns, 34.5813 us/op

WorkloadPilot    1: 16 op, 1700.00 ns, 106.2500 ns/op
WorkloadPilot    2: 32 op, 900.00 ns, 28.1250 ns/op
WorkloadPilot    3: 64 op, 1200.00 ns, 18.7500 ns/op
WorkloadPilot    4: 128 op, 1900.00 ns, 14.8438 ns/op
WorkloadPilot    5: 256 op, 3100.00 ns, 12.1094 ns/op
WorkloadPilot    6: 512 op, 5800.00 ns, 11.3281 ns/op
WorkloadPilot    7: 1024 op, 10800.00 ns, 10.5469 ns/op
WorkloadPilot    8: 2048 op, 21400.00 ns, 10.4492 ns/op
WorkloadPilot    9: 4096 op, 41800.00 ns, 10.2051 ns/op
WorkloadPilot   10: 8192 op, 83000.00 ns, 10.1318 ns/op
WorkloadPilot   11: 16384 op, 167000.00 ns, 10.1929 ns/op
WorkloadPilot   12: 32768 op, 337000.00 ns, 10.2844 ns/op
WorkloadPilot   13: 65536 op, 662300.00 ns, 10.1059 ns/op
WorkloadPilot   14: 131072 op, 1336600.00 ns, 10.1974 ns/op
WorkloadPilot   15: 262144 op, 2738900.00 ns, 10.4481 ns/op
WorkloadPilot   16: 524288 op, 5068700.00 ns, 9.6678 ns/op
WorkloadPilot   17: 1048576 op, 10192100.00 ns, 9.7199 ns/op
WorkloadPilot   18: 2097152 op, 20274600.00 ns, 9.6677 ns/op
WorkloadPilot   19: 4194304 op, 40556400.00 ns, 9.6694 ns/op
WorkloadPilot   20: 8388608 op, 81338200.00 ns, 9.6963 ns/op
WorkloadPilot   21: 16777216 op, 152683900.00 ns, 9.1007 ns/op
WorkloadPilot   22: 33554432 op, 298044300.00 ns, 8.8824 ns/op
WorkloadPilot   23: 67108864 op, 605645700.00 ns, 9.0248 ns/op

OverheadWarmup   1: 67108864 op, 181514500.00 ns, 2.7048 ns/op
OverheadWarmup   2: 67108864 op, 181144400.00 ns, 2.6993 ns/op
OverheadWarmup   3: 67108864 op, 181239000.00 ns, 2.7007 ns/op
OverheadWarmup   4: 67108864 op, 181748100.00 ns, 2.7083 ns/op
OverheadWarmup   5: 67108864 op, 180291200.00 ns, 2.6865 ns/op
OverheadWarmup   6: 67108864 op, 181599900.00 ns, 2.7060 ns/op
OverheadWarmup   7: 67108864 op, 181356900.00 ns, 2.7024 ns/op

OverheadActual   1: 67108864 op, 181366900.00 ns, 2.7026 ns/op
OverheadActual   2: 67108864 op, 180555400.00 ns, 2.6905 ns/op
OverheadActual   3: 67108864 op, 180794900.00 ns, 2.6941 ns/op
OverheadActual   4: 67108864 op, 181169900.00 ns, 2.6996 ns/op
OverheadActual   5: 67108864 op, 181836800.00 ns, 2.7096 ns/op
OverheadActual   6: 67108864 op, 182989000.00 ns, 2.7267 ns/op
OverheadActual   7: 67108864 op, 182220600.00 ns, 2.7153 ns/op
OverheadActual   8: 67108864 op, 180429200.00 ns, 2.6886 ns/op
OverheadActual   9: 67108864 op, 181190800.00 ns, 2.7000 ns/op
OverheadActual  10: 67108864 op, 181836600.00 ns, 2.7096 ns/op
OverheadActual  11: 67108864 op, 180488500.00 ns, 2.6895 ns/op
OverheadActual  12: 67108864 op, 181069100.00 ns, 2.6981 ns/op
OverheadActual  13: 67108864 op, 180610400.00 ns, 2.6913 ns/op
OverheadActual  14: 67108864 op, 180787500.00 ns, 2.6939 ns/op
OverheadActual  15: 67108864 op, 180936900.00 ns, 2.6962 ns/op

WorkloadWarmup   1: 67108864 op, 596754400.00 ns, 8.8923 ns/op
WorkloadWarmup   2: 67108864 op, 596983100.00 ns, 8.8957 ns/op
WorkloadWarmup   3: 67108864 op, 595659400.00 ns, 8.8760 ns/op

WorkloadActual   1: 67108864 op, 596810800.00 ns, 8.8932 ns/op
WorkloadActual   2: 67108864 op, 599472000.00 ns, 8.9328 ns/op
WorkloadActual   3: 67108864 op, 596663100.00 ns, 8.8910 ns/op

WorkloadResult   1: 67108864 op, 415741700.00 ns, 6.1950 ns/op
WorkloadResult   2: 67108864 op, 418402900.00 ns, 6.2347 ns/op
WorkloadResult   3: 67108864 op, 415594000.00 ns, 6.1928 ns/op
// GC:  0 0 0 3648 67108864
// Threading:  0 0 67108864


Mean = 6.208 ns, StdErr = 0.014 ns (0.22%), N = 3, StdDev = 0.024 ns
Min = 6.193 ns, Q1 = 6.194 ns, Median = 6.195 ns, Q3 = 6.215 ns, Max = 6.235 ns
IQR = 0.021 ns, LowerFence = 6.163 ns, UpperFence = 6.246 ns
ConfidenceInterval = [5.778 ns; 6.637 ns] (CI 99.9%), Margin = 0.430 ns (6.92% of Mean)
Skewness = 0.38, Kurtosis = 0.67, MValue = 2

// ** Remained 16 (80.0 %) benchmark(s) to run. Estimated finish 2026-08-30 15:57 (0h 3m from now) **
Setup power plan (GUID: 8c5e7fda-e8bf-4a96-9a85-a6e23a8c635c FriendlyName: Wysoka wydajność)
// **************************
// Benchmark: MappingBenchmarks.Lookup_FindErrorForInstance: ShortRun(Toolchain=InProcessEmitToolchain, IterationCount=3, LaunchCount=1, WarmupCount=3)
// *** Execute ***
// Launch: 1 / 1

// Benchmark Process Environment Information:
// BenchmarkDotNet v0.15.4
// Runtime=.NET 10.0.9 (10.0.9, 10.0.926.27113), X64 RyuJIT x86-64-v3
// GC=Concurrent Workstation
// HardwareIntrinsics=AVX2+BMI1+BMI2+F16C+FMA+LZCNT+MOVBE,AVX,SSE3+SSSE3+SSE4.1+SSE4.2+POPCNT,X86Base+SSE+SSE2,AES+PCLMUL VectorSize=256
// Job: Job-ZYJCSJ(Toolchain=InProcessEmitToolchain, IterationCount=3, LaunchCount=1, WarmupCount=3)

OverheadJitting  1: 1 op, 221100.00 ns, 221.1000 us/op
WorkloadJitting  1: 1 op, 325600.00 ns, 325.6000 us/op

OverheadJitting  2: 16 op, 651400.00 ns, 40.7125 us/op
WorkloadJitting  2: 16 op, 653600.00 ns, 40.8500 us/op

WorkloadPilot    1: 16 op, 1800.00 ns, 112.5000 ns/op
WorkloadPilot    2: 32 op, 1000.00 ns, 31.2500 ns/op
WorkloadPilot    3: 64 op, 1400.00 ns, 21.8750 ns/op
WorkloadPilot    4: 128 op, 2200.00 ns, 17.1875 ns/op
WorkloadPilot    5: 256 op, 3700.00 ns, 14.4531 ns/op
WorkloadPilot    6: 512 op, 6700.00 ns, 13.0859 ns/op
WorkloadPilot    7: 1024 op, 13100.00 ns, 12.7930 ns/op
WorkloadPilot    8: 2048 op, 24900.00 ns, 12.1582 ns/op
WorkloadPilot    9: 4096 op, 49100.00 ns, 11.9873 ns/op
WorkloadPilot   10: 8192 op, 98000.00 ns, 11.9629 ns/op
WorkloadPilot   11: 16384 op, 194700.00 ns, 11.8835 ns/op
WorkloadPilot   12: 32768 op, 395500.00 ns, 12.0697 ns/op
WorkloadPilot   13: 65536 op, 831900.00 ns, 12.6938 ns/op
WorkloadPilot   14: 131072 op, 1518900.00 ns, 11.5883 ns/op
WorkloadPilot   15: 262144 op, 2980300.00 ns, 11.3689 ns/op
WorkloadPilot   16: 524288 op, 5994300.00 ns, 11.4332 ns/op
WorkloadPilot   17: 1048576 op, 11772100.00 ns, 11.2267 ns/op
WorkloadPilot   18: 2097152 op, 24048900.00 ns, 11.4674 ns/op
WorkloadPilot   19: 4194304 op, 47552900.00 ns, 11.3375 ns/op
WorkloadPilot   20: 8388608 op, 95325400.00 ns, 11.3637 ns/op
WorkloadPilot   21: 16777216 op, 91350900.00 ns, 5.4449 ns/op
WorkloadPilot   22: 33554432 op, 169787500.00 ns, 5.0601 ns/op
WorkloadPilot   23: 67108864 op, 338062400.00 ns, 5.0375 ns/op
WorkloadPilot   24: 134217728 op, 677211000.00 ns, 5.0456 ns/op

OverheadWarmup   1: 134217728 op, 362533500.00 ns, 2.7011 ns/op
OverheadWarmup   2: 134217728 op, 362907400.00 ns, 2.7039 ns/op
OverheadWarmup   3: 134217728 op, 362181500.00 ns, 2.6985 ns/op
OverheadWarmup   4: 134217728 op, 361717500.00 ns, 2.6950 ns/op
OverheadWarmup   5: 134217728 op, 363821200.00 ns, 2.7107 ns/op
OverheadWarmup   6: 134217728 op, 361088800.00 ns, 2.6903 ns/op

OverheadActual   1: 134217728 op, 362987400.00 ns, 2.7045 ns/op
OverheadActual   2: 134217728 op, 362241800.00 ns, 2.6989 ns/op
OverheadActual   3: 134217728 op, 370711600.00 ns, 2.7620 ns/op
OverheadActual   4: 134217728 op, 368035600.00 ns, 2.7421 ns/op
OverheadActual   5: 134217728 op, 364606600.00 ns, 2.7165 ns/op
OverheadActual   6: 134217728 op, 363901100.00 ns, 2.7113 ns/op
OverheadActual   7: 134217728 op, 362932600.00 ns, 2.7041 ns/op
OverheadActual   8: 134217728 op, 366931200.00 ns, 2.7339 ns/op
OverheadActual   9: 134217728 op, 361506100.00 ns, 2.6934 ns/op
OverheadActual  10: 134217728 op, 365706400.00 ns, 2.7247 ns/op
OverheadActual  11: 134217728 op, 362725600.00 ns, 2.7025 ns/op
OverheadActual  12: 134217728 op, 362503400.00 ns, 2.7009 ns/op
OverheadActual  13: 134217728 op, 363446600.00 ns, 2.7079 ns/op
OverheadActual  14: 134217728 op, 364335100.00 ns, 2.7145 ns/op
OverheadActual  15: 134217728 op, 361645800.00 ns, 2.6945 ns/op

WorkloadWarmup   1: 134217728 op, 677614800.00 ns, 5.0486 ns/op
WorkloadWarmup   2: 134217728 op, 678556500.00 ns, 5.0556 ns/op
WorkloadWarmup   3: 134217728 op, 676317300.00 ns, 5.0390 ns/op

WorkloadActual   1: 134217728 op, 676501800.00 ns, 5.0403 ns/op
WorkloadActual   2: 134217728 op, 677978000.00 ns, 5.0513 ns/op
WorkloadActual   3: 134217728 op, 676178600.00 ns, 5.0379 ns/op

WorkloadResult   1: 134217728 op, 313055200.00 ns, 2.3324 ns/op
WorkloadResult   2: 134217728 op, 314531400.00 ns, 2.3434 ns/op
WorkloadResult   3: 134217728 op, 312732000.00 ns, 2.3300 ns/op
// GC:  0 0 0 3648 134217728
// Threading:  0 0 134217728


Mean = 2.335 ns, StdErr = 0.004 ns (0.18%), N = 3, StdDev = 0.007 ns
Min = 2.330 ns, Q1 = 2.331 ns, Median = 2.332 ns, Q3 = 2.338 ns, Max = 2.343 ns
IQR = 0.007 ns, LowerFence = 2.321 ns, UpperFence = 2.348 ns
ConfidenceInterval = [2.205 ns; 2.466 ns] (CI 99.9%), Margin = 0.130 ns (5.58% of Mean)
Skewness = 0.34, Kurtosis = 0.67, MValue = 2

// ** Remained 15 (75.0 %) benchmark(s) to run. Estimated finish 2026-08-30 15:57 (0h 3m from now) **
Setup power plan (GUID: 8c5e7fda-e8bf-4a96-9a85-a6e23a8c635c FriendlyName: Wysoka wydajność)
// **************************
// Benchmark: MappingBenchmarks.Lookup_TryGetEndpointErrors: ShortRun(Toolchain=InProcessEmitToolchain, IterationCount=3, LaunchCount=1, WarmupCount=3)
// *** Execute ***
// Launch: 1 / 1

// Benchmark Process Environment Information:
// BenchmarkDotNet v0.15.4
// Runtime=.NET 10.0.9 (10.0.9, 10.0.926.27113), X64 RyuJIT x86-64-v3
// GC=Concurrent Workstation
// HardwareIntrinsics=AVX2+BMI1+BMI2+F16C+FMA+LZCNT+MOVBE,AVX,SSE3+SSSE3+SSE4.1+SSE4.2+POPCNT,X86Base+SSE+SSE2,AES+PCLMUL VectorSize=256
// Job: Job-ZYJCSJ(Toolchain=InProcessEmitToolchain, IterationCount=3, LaunchCount=1, WarmupCount=3)

OverheadJitting  1: 1 op, 212700.00 ns, 212.7000 us/op
WorkloadJitting  1: 1 op, 398100.00 ns, 398.1000 us/op

OverheadJitting  2: 16 op, 381900.00 ns, 23.8688 us/op
WorkloadJitting  2: 16 op, 429400.00 ns, 26.8375 us/op

WorkloadPilot    1: 16 op, 1700.00 ns, 106.2500 ns/op
WorkloadPilot    2: 32 op, 1000.00 ns, 31.2500 ns/op
WorkloadPilot    3: 64 op, 1300.00 ns, 20.3125 ns/op
WorkloadPilot    4: 128 op, 2000.00 ns, 15.6250 ns/op
WorkloadPilot    5: 256 op, 3300.00 ns, 12.8906 ns/op
WorkloadPilot    6: 512 op, 5900.00 ns, 11.5234 ns/op
WorkloadPilot    7: 1024 op, 11100.00 ns, 10.8398 ns/op
WorkloadPilot    8: 2048 op, 21800.00 ns, 10.6445 ns/op
WorkloadPilot    9: 4096 op, 41700.00 ns, 10.1807 ns/op
WorkloadPilot   10: 8192 op, 83000.00 ns, 10.1318 ns/op
WorkloadPilot   11: 16384 op, 177200.00 ns, 10.8154 ns/op
WorkloadPilot   12: 32768 op, 335300.00 ns, 10.2325 ns/op
WorkloadPilot   13: 65536 op, 657300.00 ns, 10.0296 ns/op
WorkloadPilot   14: 131072 op, 1310600.00 ns, 9.9991 ns/op
WorkloadPilot   15: 262144 op, 2495200.00 ns, 9.5184 ns/op
WorkloadPilot   16: 524288 op, 5137200.00 ns, 9.7984 ns/op
WorkloadPilot   17: 1048576 op, 10239100.00 ns, 9.7648 ns/op
WorkloadPilot   18: 2097152 op, 20173300.00 ns, 9.6194 ns/op
WorkloadPilot   19: 4194304 op, 40291000.00 ns, 9.6061 ns/op
WorkloadPilot   20: 8388608 op, 81064400.00 ns, 9.6636 ns/op
WorkloadPilot   21: 16777216 op, 93893000.00 ns, 5.5965 ns/op
WorkloadPilot   22: 33554432 op, 142593700.00 ns, 4.2496 ns/op
WorkloadPilot   23: 67108864 op, 285256100.00 ns, 4.2506 ns/op
WorkloadPilot   24: 134217728 op, 570106900.00 ns, 4.2476 ns/op

OverheadWarmup   1: 134217728 op, 187338200.00 ns, 1.3958 ns/op
OverheadWarmup   2: 134217728 op, 187233500.00 ns, 1.3950 ns/op
OverheadWarmup   3: 134217728 op, 186766700.00 ns, 1.3915 ns/op
OverheadWarmup   4: 134217728 op, 186884000.00 ns, 1.3924 ns/op
OverheadWarmup   5: 134217728 op, 188027900.00 ns, 1.4009 ns/op
OverheadWarmup   6: 134217728 op, 187083400.00 ns, 1.3939 ns/op
OverheadWarmup   7: 134217728 op, 189240300.00 ns, 1.4100 ns/op
OverheadWarmup   8: 134217728 op, 187467800.00 ns, 1.3967 ns/op

OverheadActual   1: 134217728 op, 186367900.00 ns, 1.3885 ns/op
OverheadActual   2: 134217728 op, 188269000.00 ns, 1.4027 ns/op
OverheadActual   3: 134217728 op, 187232900.00 ns, 1.3950 ns/op
OverheadActual   4: 134217728 op, 187275400.00 ns, 1.3953 ns/op
OverheadActual   5: 134217728 op, 187051600.00 ns, 1.3936 ns/op
OverheadActual   6: 134217728 op, 186595900.00 ns, 1.3902 ns/op
OverheadActual   7: 134217728 op, 187491900.00 ns, 1.3969 ns/op
OverheadActual   8: 134217728 op, 186523800.00 ns, 1.3897 ns/op
OverheadActual   9: 134217728 op, 188038300.00 ns, 1.4010 ns/op
OverheadActual  10: 134217728 op, 188631700.00 ns, 1.4054 ns/op
OverheadActual  11: 134217728 op, 186982600.00 ns, 1.3931 ns/op
OverheadActual  12: 134217728 op, 186865400.00 ns, 1.3923 ns/op
OverheadActual  13: 134217728 op, 187469300.00 ns, 1.3968 ns/op
OverheadActual  14: 134217728 op, 186695600.00 ns, 1.3910 ns/op
OverheadActual  15: 134217728 op, 186302900.00 ns, 1.3881 ns/op

WorkloadWarmup   1: 134217728 op, 568304900.00 ns, 4.2342 ns/op
WorkloadWarmup   2: 134217728 op, 574369900.00 ns, 4.2794 ns/op
WorkloadWarmup   3: 134217728 op, 572460100.00 ns, 4.2652 ns/op

WorkloadActual   1: 134217728 op, 573712900.00 ns, 4.2745 ns/op
WorkloadActual   2: 134217728 op, 579079700.00 ns, 4.3145 ns/op
WorkloadActual   3: 134217728 op, 576513600.00 ns, 4.2954 ns/op

WorkloadResult   1: 134217728 op, 386661300.00 ns, 2.8809 ns/op
WorkloadResult   2: 134217728 op, 392028100.00 ns, 2.9208 ns/op
WorkloadResult   3: 134217728 op, 389462000.00 ns, 2.9017 ns/op
// GC:  0 0 0 3648 134217728
// Threading:  0 0 134217728


Mean = 2.901 ns, StdErr = 0.012 ns (0.40%), N = 3, StdDev = 0.020 ns
Min = 2.881 ns, Q1 = 2.891 ns, Median = 2.902 ns, Q3 = 2.911 ns, Max = 2.921 ns
IQR = 0.020 ns, LowerFence = 2.861 ns, UpperFence = 2.941 ns
ConfidenceInterval = [2.536 ns; 3.266 ns] (CI 99.9%), Margin = 0.365 ns (12.58% of Mean)
Skewness = -0.03, Kurtosis = 0.67, MValue = 2

// ** Remained 14 (70.0 %) benchmark(s) to run. Estimated finish 2026-08-30 15:57 (0h 2m from now) **
Setup power plan (GUID: 8c5e7fda-e8bf-4a96-9a85-a6e23a8c635c FriendlyName: Wysoka wydajność)
// **************************
// Benchmark: MappingBenchmarks.Core_Success: ShortRun(Toolchain=InProcessEmitToolchain, IterationCount=3, LaunchCount=1, WarmupCount=3)
// *** Execute ***
// Launch: 1 / 1

// Benchmark Process Environment Information:
// BenchmarkDotNet v0.15.4
// Runtime=.NET 10.0.9 (10.0.9, 10.0.926.27113), X64 RyuJIT x86-64-v3
// GC=Concurrent Workstation
// HardwareIntrinsics=AVX2+BMI1+BMI2+F16C+FMA+LZCNT+MOVBE,AVX,SSE3+SSSE3+SSE4.1+SSE4.2+POPCNT,X86Base+SSE+SSE2,AES+PCLMUL VectorSize=256
// Job: Job-ZYJCSJ(Toolchain=InProcessEmitToolchain, IterationCount=3, LaunchCount=1, WarmupCount=3)

OverheadJitting  1: 1 op, 245300.00 ns, 245.3000 us/op
WorkloadJitting  1: 1 op, 12092800.00 ns, 12.0928 ms/op

OverheadJitting  2: 16 op, 571400.00 ns, 35.7125 us/op
WorkloadJitting  2: 16 op, 620600.00 ns, 38.7875 us/op

WorkloadPilot    1: 16 op, 2300.00 ns, 143.7500 ns/op
WorkloadPilot    2: 32 op, 4500.00 ns, 140.6250 ns/op
WorkloadPilot    3: 64 op, 2000.00 ns, 31.2500 ns/op
WorkloadPilot    4: 128 op, 2800.00 ns, 21.8750 ns/op
WorkloadPilot    5: 256 op, 4400.00 ns, 17.1875 ns/op
WorkloadPilot    6: 512 op, 8000.00 ns, 15.6250 ns/op
WorkloadPilot    7: 1024 op, 15100.00 ns, 14.7461 ns/op
WorkloadPilot    8: 2048 op, 28500.00 ns, 13.9160 ns/op
WorkloadPilot    9: 4096 op, 56600.00 ns, 13.8184 ns/op
WorkloadPilot   10: 8192 op, 174300.00 ns, 21.2769 ns/op
WorkloadPilot   11: 16384 op, 284500.00 ns, 17.3645 ns/op
WorkloadPilot   12: 32768 op, 581000.00 ns, 17.7307 ns/op
WorkloadPilot   13: 65536 op, 1171500.00 ns, 17.8757 ns/op
WorkloadPilot   14: 131072 op, 2348300.00 ns, 17.9161 ns/op
WorkloadPilot   15: 262144 op, 4739500.00 ns, 18.0798 ns/op
WorkloadPilot   16: 524288 op, 9131400.00 ns, 17.4168 ns/op
WorkloadPilot   17: 1048576 op, 15948700.00 ns, 15.2099 ns/op
WorkloadPilot   18: 2097152 op, 31647600.00 ns, 15.0908 ns/op
WorkloadPilot   19: 4194304 op, 59508200.00 ns, 14.1879 ns/op
WorkloadPilot   20: 8388608 op, 91397200.00 ns, 10.8954 ns/op
WorkloadPilot   21: 16777216 op, 115171600.00 ns, 6.8648 ns/op
WorkloadPilot   22: 33554432 op, 229458700.00 ns, 6.8384 ns/op
WorkloadPilot   23: 67108864 op, 458864100.00 ns, 6.8376 ns/op
WorkloadPilot   24: 134217728 op, 918180800.00 ns, 6.8410 ns/op

OverheadWarmup   1: 134217728 op, 363328800.00 ns, 2.7070 ns/op
OverheadWarmup   2: 134217728 op, 361978300.00 ns, 2.6969 ns/op
OverheadWarmup   3: 134217728 op, 362690900.00 ns, 2.7023 ns/op
OverheadWarmup   4: 134217728 op, 362551900.00 ns, 2.7012 ns/op
OverheadWarmup   5: 134217728 op, 361805300.00 ns, 2.6957 ns/op
OverheadWarmup   6: 134217728 op, 361963500.00 ns, 2.6968 ns/op
OverheadWarmup   7: 134217728 op, 361702100.00 ns, 2.6949 ns/op

OverheadActual   1: 134217728 op, 363478800.00 ns, 2.7081 ns/op
OverheadActual   2: 134217728 op, 363730000.00 ns, 2.7100 ns/op
OverheadActual   3: 134217728 op, 361877100.00 ns, 2.6962 ns/op
OverheadActual   4: 134217728 op, 362812600.00 ns, 2.7032 ns/op
OverheadActual   5: 134217728 op, 365159600.00 ns, 2.7207 ns/op
OverheadActual   6: 134217728 op, 379823700.00 ns, 2.8299 ns/op
OverheadActual   7: 134217728 op, 373134000.00 ns, 2.7801 ns/op
OverheadActual   8: 134217728 op, 378277900.00 ns, 2.8184 ns/op
OverheadActual   9: 134217728 op, 381493600.00 ns, 2.8423 ns/op
OverheadActual  10: 134217728 op, 381475200.00 ns, 2.8422 ns/op
OverheadActual  11: 134217728 op, 381401400.00 ns, 2.8417 ns/op
OverheadActual  12: 134217728 op, 381422700.00 ns, 2.8418 ns/op
OverheadActual  13: 134217728 op, 379995400.00 ns, 2.8312 ns/op
OverheadActual  14: 134217728 op, 381769500.00 ns, 2.8444 ns/op
OverheadActual  15: 134217728 op, 378178100.00 ns, 2.8176 ns/op

WorkloadWarmup   1: 134217728 op, 951240400.00 ns, 7.0873 ns/op
WorkloadWarmup   2: 134217728 op, 945742600.00 ns, 7.0463 ns/op
WorkloadWarmup   3: 134217728 op, 940072200.00 ns, 7.0041 ns/op

WorkloadActual   1: 134217728 op, 956967700.00 ns, 7.1300 ns/op
WorkloadActual   2: 134217728 op, 962515700.00 ns, 7.1713 ns/op
WorkloadActual   3: 134217728 op, 969093600.00 ns, 7.2203 ns/op

WorkloadResult   1: 134217728 op, 578689800.00 ns, 4.3116 ns/op
WorkloadResult   2: 134217728 op, 584237800.00 ns, 4.3529 ns/op
WorkloadResult   3: 134217728 op, 590815700.00 ns, 4.4019 ns/op
// GC:  385 0 0 3221229120 134217728
// Threading:  0 0 134217728


Mean = 4.355 ns, StdErr = 0.026 ns (0.60%), N = 3, StdDev = 0.045 ns
Min = 4.312 ns, Q1 = 4.332 ns, Median = 4.353 ns, Q3 = 4.377 ns, Max = 4.402 ns
IQR = 0.045 ns, LowerFence = 4.264 ns, UpperFence = 4.445 ns
ConfidenceInterval = [3.530 ns; 5.181 ns] (CI 99.9%), Margin = 0.825 ns (18.94% of Mean)
Skewness = 0.06, Kurtosis = 0.67, MValue = 2

// ** Remained 13 (65.0 %) benchmark(s) to run. Estimated finish 2026-08-30 15:57 (0h 2m from now) **
Setup power plan (GUID: 8c5e7fda-e8bf-4a96-9a85-a6e23a8c635c FriendlyName: Wysoka wydajność)
// **************************
// Benchmark: MappingBenchmarks.Core_Failure: ShortRun(Toolchain=InProcessEmitToolchain, IterationCount=3, LaunchCount=1, WarmupCount=3)
// *** Execute ***
// Launch: 1 / 1

// Benchmark Process Environment Information:
// BenchmarkDotNet v0.15.4
// Runtime=.NET 10.0.9 (10.0.9, 10.0.926.27113), X64 RyuJIT x86-64-v3
// GC=Concurrent Workstation
// HardwareIntrinsics=AVX2+BMI1+BMI2+F16C+FMA+LZCNT+MOVBE,AVX,SSE3+SSSE3+SSE4.1+SSE4.2+POPCNT,X86Base+SSE+SSE2,AES+PCLMUL VectorSize=256
// Job: Job-ZYJCSJ(Toolchain=InProcessEmitToolchain, IterationCount=3, LaunchCount=1, WarmupCount=3)

OverheadJitting  1: 1 op, 228300.00 ns, 228.3000 us/op
WorkloadJitting  1: 1 op, 767300.00 ns, 767.3000 us/op

OverheadJitting  2: 16 op, 633300.00 ns, 39.5813 us/op
WorkloadJitting  2: 16 op, 724400.00 ns, 45.2750 us/op

WorkloadPilot    1: 16 op, 8000.00 ns, 500.0000 ns/op
WorkloadPilot    2: 32 op, 21600.00 ns, 675.0000 ns/op
WorkloadPilot    3: 64 op, 23900.00 ns, 373.4375 ns/op
WorkloadPilot    4: 128 op, 47200.00 ns, 368.7500 ns/op
WorkloadPilot    5: 256 op, 85900.00 ns, 335.5469 ns/op
WorkloadPilot    6: 512 op, 163400.00 ns, 319.1406 ns/op
WorkloadPilot    7: 1024 op, 302700.00 ns, 295.6055 ns/op
WorkloadPilot    8: 2048 op, 596400.00 ns, 291.2109 ns/op
WorkloadPilot    9: 4096 op, 1212500.00 ns, 296.0205 ns/op
WorkloadPilot   10: 8192 op, 3226100.00 ns, 393.8110 ns/op
WorkloadPilot   11: 16384 op, 4701000.00 ns, 286.9263 ns/op
WorkloadPilot   12: 32768 op, 7321600.00 ns, 223.4375 ns/op
WorkloadPilot   13: 65536 op, 12903400.00 ns, 196.8903 ns/op
WorkloadPilot   14: 131072 op, 25190300.00 ns, 192.1867 ns/op
WorkloadPilot   15: 262144 op, 51136500.00 ns, 195.0703 ns/op
WorkloadPilot   16: 524288 op, 99968200.00 ns, 190.6742 ns/op
WorkloadPilot   17: 1048576 op, 136515600.00 ns, 130.1914 ns/op
WorkloadPilot   18: 2097152 op, 274409200.00 ns, 130.8485 ns/op
WorkloadPilot   19: 4194304 op, 556919300.00 ns, 132.7799 ns/op

OverheadWarmup   1: 4194304 op, 11728500.00 ns, 2.7963 ns/op
OverheadWarmup   2: 4194304 op, 11755600.00 ns, 2.8028 ns/op
OverheadWarmup   3: 4194304 op, 11717400.00 ns, 2.7936 ns/op
OverheadWarmup   4: 4194304 op, 11780300.00 ns, 2.8086 ns/op
OverheadWarmup   5: 4194304 op, 11758700.00 ns, 2.8035 ns/op

OverheadActual   1: 4194304 op, 11727200.00 ns, 2.7960 ns/op
OverheadActual   2: 4194304 op, 11738700.00 ns, 2.7987 ns/op
OverheadActual   3: 4194304 op, 11928700.00 ns, 2.8440 ns/op
OverheadActual   4: 4194304 op, 11907000.00 ns, 2.8389 ns/op
OverheadActual   5: 4194304 op, 11814500.00 ns, 2.8168 ns/op
OverheadActual   6: 4194304 op, 11636900.00 ns, 2.7745 ns/op
OverheadActual   7: 4194304 op, 11753300.00 ns, 2.8022 ns/op
OverheadActual   8: 4194304 op, 11702600.00 ns, 2.7901 ns/op
OverheadActual   9: 4194304 op, 11762700.00 ns, 2.8044 ns/op
OverheadActual  10: 4194304 op, 11714000.00 ns, 2.7928 ns/op
OverheadActual  11: 4194304 op, 11762200.00 ns, 2.8043 ns/op
OverheadActual  12: 4194304 op, 11710500.00 ns, 2.7920 ns/op
OverheadActual  13: 4194304 op, 11757000.00 ns, 2.8031 ns/op
OverheadActual  14: 4194304 op, 11739400.00 ns, 2.7989 ns/op
OverheadActual  15: 4194304 op, 11711600.00 ns, 2.7923 ns/op

WorkloadWarmup   1: 4194304 op, 541088300.00 ns, 129.0055 ns/op
WorkloadWarmup   2: 4194304 op, 542518100.00 ns, 129.3464 ns/op
WorkloadWarmup   3: 4194304 op, 543247500.00 ns, 129.5203 ns/op

WorkloadActual   1: 4194304 op, 550325200.00 ns, 131.2078 ns/op
WorkloadActual   2: 4194304 op, 559545500.00 ns, 133.4060 ns/op
WorkloadActual   3: 4194304 op, 563495000.00 ns, 134.3477 ns/op

WorkloadResult   1: 4194304 op, 538585800.00 ns, 128.4089 ns/op
WorkloadResult   2: 4194304 op, 547806100.00 ns, 130.6072 ns/op
WorkloadResult   3: 4194304 op, 551755600.00 ns, 131.5488 ns/op
// GC:  288 0 0 2415922752 4194304
// Threading:  0 0 4194304


Mean = 130.188 ns, StdErr = 0.930 ns (0.71%), N = 3, StdDev = 1.611 ns
Min = 128.409 ns, Q1 = 129.508 ns, Median = 130.607 ns, Q3 = 131.078 ns, Max = 131.549 ns
IQR = 1.570 ns, LowerFence = 127.153 ns, UpperFence = 133.433 ns
ConfidenceInterval = [100.792 ns; 159.585 ns] (CI 99.9%), Margin = 29.397 ns (22.58% of Mean)
Skewness = -0.24, Kurtosis = 0.67, MValue = 2

// ** Remained 12 (60.0 %) benchmark(s) to run. Estimated finish 2026-08-30 15:57 (0h 2m from now) **
Setup power plan (GUID: 8c5e7fda-e8bf-4a96-9a85-a6e23a8c635c FriendlyName: Wysoka wydajność)
// **************************
// Benchmark: MappingBenchmarks.ErrorOr_Success: ShortRun(Toolchain=InProcessEmitToolchain, IterationCount=3, LaunchCount=1, WarmupCount=3)
// *** Execute ***
// Launch: 1 / 1

// Benchmark Process Environment Information:
// BenchmarkDotNet v0.15.4
// Runtime=.NET 10.0.9 (10.0.9, 10.0.926.27113), X64 RyuJIT x86-64-v3
// GC=Concurrent Workstation
// HardwareIntrinsics=AVX2+BMI1+BMI2+F16C+FMA+LZCNT+MOVBE,AVX,SSE3+SSSE3+SSE4.1+SSE4.2+POPCNT,X86Base+SSE+SSE2,AES+PCLMUL VectorSize=256
// Job: Job-ZYJCSJ(Toolchain=InProcessEmitToolchain, IterationCount=3, LaunchCount=1, WarmupCount=3)

OverheadJitting  1: 1 op, 251000.00 ns, 251.0000 us/op
WorkloadJitting  1: 1 op, 498078100.00 ns, 498.0781 ms/op

OverheadJitting  2: 1 op, 1400.00 ns, 1.4000 us/op
WorkloadJitting  2: 1 op, 2300.00 ns, 2.3000 us/op

OverheadJitting  3: 16 op, 691400.00 ns, 43.2125 us/op
WorkloadJitting  3: 16 op, 668500.00 ns, 41.7813 us/op

WorkloadPilot    1: 16 op, 2600.00 ns, 162.5000 ns/op
WorkloadPilot    2: 32 op, 4600.00 ns, 143.7500 ns/op
WorkloadPilot    3: 64 op, 2000.00 ns, 31.2500 ns/op
WorkloadPilot    4: 128 op, 2800.00 ns, 21.8750 ns/op
WorkloadPilot    5: 256 op, 4400.00 ns, 17.1875 ns/op
WorkloadPilot    6: 512 op, 7600.00 ns, 14.8438 ns/op
WorkloadPilot    7: 1024 op, 14300.00 ns, 13.9648 ns/op
WorkloadPilot    8: 2048 op, 27300.00 ns, 13.3301 ns/op
WorkloadPilot    9: 4096 op, 53600.00 ns, 13.0859 ns/op
WorkloadPilot   10: 8192 op, 175400.00 ns, 21.4111 ns/op
WorkloadPilot   11: 16384 op, 289500.00 ns, 17.6697 ns/op
WorkloadPilot   12: 32768 op, 558500.00 ns, 17.0441 ns/op
WorkloadPilot   13: 65536 op, 1114800.00 ns, 17.0105 ns/op
WorkloadPilot   14: 131072 op, 2230100.00 ns, 17.0143 ns/op
WorkloadPilot   15: 262144 op, 4518700.00 ns, 17.2375 ns/op
WorkloadPilot   16: 524288 op, 8555600.00 ns, 16.3185 ns/op
WorkloadPilot   17: 1048576 op, 14960900.00 ns, 14.2678 ns/op
WorkloadPilot   18: 2097152 op, 29614200.00 ns, 14.1212 ns/op
WorkloadPilot   19: 4194304 op, 56362500.00 ns, 13.4379 ns/op
WorkloadPilot   20: 8388608 op, 84236900.00 ns, 10.0418 ns/op
WorkloadPilot   21: 16777216 op, 119616400.00 ns, 7.1297 ns/op
WorkloadPilot   22: 33554432 op, 243924400.00 ns, 7.2695 ns/op
WorkloadPilot   23: 67108864 op, 479523500.00 ns, 7.1455 ns/op
WorkloadPilot   24: 134217728 op, 943352700.00 ns, 7.0285 ns/op

OverheadWarmup   1: 134217728 op, 357297800.00 ns, 2.6621 ns/op
OverheadWarmup   2: 134217728 op, 354713500.00 ns, 2.6428 ns/op
OverheadWarmup   3: 134217728 op, 355859000.00 ns, 2.6514 ns/op
OverheadWarmup   4: 134217728 op, 354402400.00 ns, 2.6405 ns/op
OverheadWarmup   5: 134217728 op, 355428800.00 ns, 2.6482 ns/op
OverheadWarmup   6: 134217728 op, 355565300.00 ns, 2.6492 ns/op
OverheadWarmup   7: 134217728 op, 354500400.00 ns, 2.6412 ns/op

OverheadActual   1: 134217728 op, 355078100.00 ns, 2.6455 ns/op
OverheadActual   2: 134217728 op, 357106200.00 ns, 2.6606 ns/op
OverheadActual   3: 134217728 op, 356019800.00 ns, 2.6526 ns/op
OverheadActual   4: 134217728 op, 355463100.00 ns, 2.6484 ns/op
OverheadActual   5: 134217728 op, 355073500.00 ns, 2.6455 ns/op
OverheadActual   6: 134217728 op, 359366300.00 ns, 2.6775 ns/op
OverheadActual   7: 134217728 op, 362415500.00 ns, 2.7002 ns/op
OverheadActual   8: 134217728 op, 355879200.00 ns, 2.6515 ns/op
OverheadActual   9: 134217728 op, 355824700.00 ns, 2.6511 ns/op
OverheadActual  10: 134217728 op, 354968600.00 ns, 2.6447 ns/op
OverheadActual  11: 134217728 op, 355674300.00 ns, 2.6500 ns/op
OverheadActual  12: 134217728 op, 355977200.00 ns, 2.6522 ns/op
OverheadActual  13: 134217728 op, 355642500.00 ns, 2.6497 ns/op
OverheadActual  14: 134217728 op, 357949500.00 ns, 2.6669 ns/op
OverheadActual  15: 134217728 op, 355090300.00 ns, 2.6456 ns/op

WorkloadWarmup   1: 134217728 op, 945155100.00 ns, 7.0420 ns/op
WorkloadWarmup   2: 134217728 op, 939810500.00 ns, 7.0021 ns/op
WorkloadWarmup   3: 134217728 op, 946045300.00 ns, 7.0486 ns/op

WorkloadActual   1: 134217728 op, 956507400.00 ns, 7.1265 ns/op
WorkloadActual   2: 134217728 op, 958299400.00 ns, 7.1399 ns/op
WorkloadActual   3: 134217728 op, 955938400.00 ns, 7.1223 ns/op

WorkloadResult   1: 134217728 op, 600682700.00 ns, 4.4754 ns/op
WorkloadResult   2: 134217728 op, 602474700.00 ns, 4.4888 ns/op
WorkloadResult   3: 134217728 op, 600113700.00 ns, 4.4712 ns/op
// GC:  385 0 0 3221229120 134217728
// Threading:  0 0 134217728


Mean = 4.478 ns, StdErr = 0.005 ns (0.12%), N = 3, StdDev = 0.009 ns
Min = 4.471 ns, Q1 = 4.473 ns, Median = 4.475 ns, Q3 = 4.482 ns, Max = 4.489 ns
IQR = 0.009 ns, LowerFence = 4.460 ns, UpperFence = 4.495 ns
ConfidenceInterval = [4.311 ns; 4.646 ns] (CI 99.9%), Margin = 0.167 ns (3.74% of Mean)
Skewness = 0.29, Kurtosis = 0.67, MValue = 2

// ** Remained 11 (55.0 %) benchmark(s) to run. Estimated finish 2026-08-30 15:57 (0h 2m from now) **
Setup power plan (GUID: 8c5e7fda-e8bf-4a96-9a85-a6e23a8c635c FriendlyName: Wysoka wydajność)
// **************************
// Benchmark: MappingBenchmarks.ErrorOr_Failure: ShortRun(Toolchain=InProcessEmitToolchain, IterationCount=3, LaunchCount=1, WarmupCount=3)
// *** Execute ***
// Launch: 1 / 1

// Benchmark Process Environment Information:
// BenchmarkDotNet v0.15.4
// Runtime=.NET 10.0.9 (10.0.9, 10.0.926.27113), X64 RyuJIT x86-64-v3
// GC=Concurrent Workstation
// HardwareIntrinsics=AVX2+BMI1+BMI2+F16C+FMA+LZCNT+MOVBE,AVX,SSE3+SSSE3+SSE4.1+SSE4.2+POPCNT,X86Base+SSE+SSE2,AES+PCLMUL VectorSize=256
// Job: Job-ZYJCSJ(Toolchain=InProcessEmitToolchain, IterationCount=3, LaunchCount=1, WarmupCount=3)

OverheadJitting  1: 1 op, 227000.00 ns, 227.0000 us/op
WorkloadJitting  1: 1 op, 745600.00 ns, 745.6000 us/op

OverheadJitting  2: 16 op, 552800.00 ns, 34.5500 us/op
WorkloadJitting  2: 16 op, 623200.00 ns, 38.9500 us/op

WorkloadPilot    1: 16 op, 7300.00 ns, 456.2500 ns/op
WorkloadPilot    2: 32 op, 21000.00 ns, 656.2500 ns/op
WorkloadPilot    3: 64 op, 26800.00 ns, 418.7500 ns/op
WorkloadPilot    4: 128 op, 39900.00 ns, 311.7188 ns/op
WorkloadPilot    5: 256 op, 72100.00 ns, 281.6406 ns/op
WorkloadPilot    6: 512 op, 156500.00 ns, 305.6641 ns/op
WorkloadPilot    7: 1024 op, 268400.00 ns, 262.1094 ns/op
WorkloadPilot    8: 2048 op, 545500.00 ns, 266.3574 ns/op
WorkloadPilot    9: 4096 op, 1075900.00 ns, 262.6709 ns/op
WorkloadPilot   10: 8192 op, 2833200.00 ns, 345.8496 ns/op
WorkloadPilot   11: 16384 op, 4166000.00 ns, 254.2725 ns/op
WorkloadPilot   12: 32768 op, 6590000.00 ns, 201.1108 ns/op
WorkloadPilot   13: 65536 op, 11558600.00 ns, 176.3702 ns/op
WorkloadPilot   14: 131072 op, 22826000.00 ns, 174.1486 ns/op
WorkloadPilot   15: 262144 op, 45002600.00 ns, 171.6713 ns/op
WorkloadPilot   16: 524288 op, 90454700.00 ns, 172.5286 ns/op
WorkloadPilot   17: 1048576 op, 151675200.00 ns, 144.6487 ns/op
WorkloadPilot   18: 2097152 op, 303752900.00 ns, 144.8407 ns/op
WorkloadPilot   19: 4194304 op, 611175600.00 ns, 145.7156 ns/op

OverheadWarmup   1: 4194304 op, 11028200.00 ns, 2.6293 ns/op
OverheadWarmup   2: 4194304 op, 11185500.00 ns, 2.6668 ns/op
OverheadWarmup   3: 4194304 op, 11175200.00 ns, 2.6644 ns/op
OverheadWarmup   4: 4194304 op, 11255600.00 ns, 2.6835 ns/op
OverheadWarmup   5: 4194304 op, 11111100.00 ns, 2.6491 ns/op

OverheadActual   1: 4194304 op, 11027900.00 ns, 2.6293 ns/op
OverheadActual   2: 4194304 op, 11075100.00 ns, 2.6405 ns/op
OverheadActual   3: 4194304 op, 11199100.00 ns, 2.6701 ns/op
OverheadActual   4: 4194304 op, 11399700.00 ns, 2.7179 ns/op
OverheadActual   5: 4194304 op, 11152000.00 ns, 2.6588 ns/op
OverheadActual   6: 4194304 op, 11129000.00 ns, 2.6534 ns/op
OverheadActual   7: 4194304 op, 11266400.00 ns, 2.6861 ns/op
OverheadActual   8: 4194304 op, 11305200.00 ns, 2.6954 ns/op
OverheadActual   9: 4194304 op, 11188700.00 ns, 2.6676 ns/op
OverheadActual  10: 4194304 op, 11304000.00 ns, 2.6951 ns/op
OverheadActual  11: 4194304 op, 11161700.00 ns, 2.6612 ns/op
OverheadActual  12: 4194304 op, 11518000.00 ns, 2.7461 ns/op
OverheadActual  13: 4194304 op, 11221100.00 ns, 2.6753 ns/op
OverheadActual  14: 4194304 op, 11205000.00 ns, 2.6715 ns/op
OverheadActual  15: 4194304 op, 11366700.00 ns, 2.7100 ns/op

WorkloadWarmup   1: 4194304 op, 604062600.00 ns, 144.0197 ns/op
WorkloadWarmup   2: 4194304 op, 603385300.00 ns, 143.8583 ns/op
WorkloadWarmup   3: 4194304 op, 600311200.00 ns, 143.1253 ns/op

WorkloadActual   1: 4194304 op, 606033500.00 ns, 144.4896 ns/op
WorkloadActual   2: 4194304 op, 612014000.00 ns, 145.9155 ns/op
WorkloadActual   3: 4194304 op, 617015200.00 ns, 147.1079 ns/op

WorkloadResult   1: 4194304 op, 594828500.00 ns, 141.8182 ns/op
WorkloadResult   2: 4194304 op, 600809000.00 ns, 143.2440 ns/op
WorkloadResult   3: 4194304 op, 605810200.00 ns, 144.4364 ns/op
// GC:  288 0 0 2415922752 4194304
// Threading:  0 0 4194304


Mean = 143.166 ns, StdErr = 0.757 ns (0.53%), N = 3, StdDev = 1.311 ns
Min = 141.818 ns, Q1 = 142.531 ns, Median = 143.244 ns, Q3 = 143.840 ns, Max = 144.436 ns
IQR = 1.309 ns, LowerFence = 140.567 ns, UpperFence = 145.804 ns
ConfidenceInterval = [119.251 ns; 167.081 ns] (CI 99.9%), Margin = 23.915 ns (16.70% of Mean)
Skewness = -0.06, Kurtosis = 0.67, MValue = 2

// ** Remained 10 (50.0 %) benchmark(s) to run. Estimated finish 2026-08-30 15:57 (0h 1m from now) **
Setup power plan (GUID: 8c5e7fda-e8bf-4a96-9a85-a6e23a8c635c FriendlyName: Wysoka wydajność)
// **************************
// Benchmark: MappingBenchmarks.OneOf_Success: ShortRun(Toolchain=InProcessEmitToolchain, IterationCount=3, LaunchCount=1, WarmupCount=3)
// *** Execute ***
// Launch: 1 / 1

// Benchmark Process Environment Information:
// BenchmarkDotNet v0.15.4
// Runtime=.NET 10.0.9 (10.0.9, 10.0.926.27113), X64 RyuJIT x86-64-v3
// GC=Concurrent Workstation
// HardwareIntrinsics=AVX2+BMI1+BMI2+F16C+FMA+LZCNT+MOVBE,AVX,SSE3+SSSE3+SSE4.1+SSE4.2+POPCNT,X86Base+SSE+SSE2,AES+PCLMUL VectorSize=256
// Job: Job-ZYJCSJ(Toolchain=InProcessEmitToolchain, IterationCount=3, LaunchCount=1, WarmupCount=3)

OverheadJitting  1: 1 op, 283600.00 ns, 283.6000 us/op
WorkloadJitting  1: 1 op, 423765500.00 ns, 423.7655 ms/op

OverheadJitting  2: 1 op, 1400.00 ns, 1.4000 us/op
WorkloadJitting  2: 1 op, 2100.00 ns, 2.1000 us/op

OverheadJitting  3: 16 op, 563200.00 ns, 35.2000 us/op
WorkloadJitting  3: 16 op, 643100.00 ns, 40.1938 us/op

WorkloadPilot    1: 16 op, 7800.00 ns, 487.5000 ns/op
WorkloadPilot    2: 32 op, 1800.00 ns, 56.2500 ns/op
WorkloadPilot    3: 64 op, 2400.00 ns, 37.5000 ns/op
WorkloadPilot    4: 128 op, 3400.00 ns, 26.5625 ns/op
WorkloadPilot    5: 256 op, 5700.00 ns, 22.2656 ns/op
WorkloadPilot    6: 512 op, 14500.00 ns, 28.3203 ns/op
WorkloadPilot    7: 1024 op, 23000.00 ns, 22.4609 ns/op
WorkloadPilot    8: 2048 op, 46600.00 ns, 22.7539 ns/op
WorkloadPilot    9: 4096 op, 94200.00 ns, 22.9980 ns/op
WorkloadPilot   10: 8192 op, 207500.00 ns, 25.3296 ns/op
WorkloadPilot   11: 16384 op, 368000.00 ns, 22.4609 ns/op
WorkloadPilot   12: 32768 op, 709100.00 ns, 21.6400 ns/op
WorkloadPilot   13: 65536 op, 1452500.00 ns, 22.1634 ns/op
WorkloadPilot   14: 131072 op, 2818900.00 ns, 21.5065 ns/op
WorkloadPilot   15: 262144 op, 5686000.00 ns, 21.6904 ns/op
WorkloadPilot   16: 524288 op, 10706200.00 ns, 20.4205 ns/op
WorkloadPilot   17: 1048576 op, 20432600.00 ns, 19.4860 ns/op
WorkloadPilot   18: 2097152 op, 40135300.00 ns, 19.1380 ns/op
WorkloadPilot   19: 4194304 op, 76811800.00 ns, 18.3134 ns/op
WorkloadPilot   20: 8388608 op, 77935600.00 ns, 9.2906 ns/op
WorkloadPilot   21: 16777216 op, 138172100.00 ns, 8.2357 ns/op
WorkloadPilot   22: 33554432 op, 272740300.00 ns, 8.1283 ns/op
WorkloadPilot   23: 67108864 op, 545984800.00 ns, 8.1358 ns/op

OverheadWarmup   1: 67108864 op, 187698900.00 ns, 2.7969 ns/op
OverheadWarmup   2: 67108864 op, 184575400.00 ns, 2.7504 ns/op
OverheadWarmup   3: 67108864 op, 184742200.00 ns, 2.7529 ns/op
OverheadWarmup   4: 67108864 op, 185047300.00 ns, 2.7574 ns/op
OverheadWarmup   5: 67108864 op, 185477600.00 ns, 2.7638 ns/op
OverheadWarmup   6: 67108864 op, 185399600.00 ns, 2.7627 ns/op
OverheadWarmup   7: 67108864 op, 184591900.00 ns, 2.7506 ns/op
OverheadWarmup   8: 67108864 op, 185117600.00 ns, 2.7585 ns/op
OverheadWarmup   9: 67108864 op, 184752800.00 ns, 2.7530 ns/op

OverheadActual   1: 67108864 op, 184598800.00 ns, 2.7507 ns/op
OverheadActual   2: 67108864 op, 185309300.00 ns, 2.7613 ns/op
OverheadActual   3: 67108864 op, 185502300.00 ns, 2.7642 ns/op
OverheadActual   4: 67108864 op, 184528200.00 ns, 2.7497 ns/op
OverheadActual   5: 67108864 op, 184474300.00 ns, 2.7489 ns/op
OverheadActual   6: 67108864 op, 184896800.00 ns, 2.7552 ns/op
OverheadActual   7: 67108864 op, 184963200.00 ns, 2.7562 ns/op
OverheadActual   8: 67108864 op, 185428300.00 ns, 2.7631 ns/op
OverheadActual   9: 67108864 op, 185514800.00 ns, 2.7644 ns/op
OverheadActual  10: 67108864 op, 184582300.00 ns, 2.7505 ns/op
OverheadActual  11: 67108864 op, 184349300.00 ns, 2.7470 ns/op
OverheadActual  12: 67108864 op, 184565500.00 ns, 2.7502 ns/op
OverheadActual  13: 67108864 op, 184532800.00 ns, 2.7498 ns/op
OverheadActual  14: 67108864 op, 185205000.00 ns, 2.7598 ns/op
OverheadActual  15: 67108864 op, 184336800.00 ns, 2.7468 ns/op

WorkloadWarmup   1: 67108864 op, 548583300.00 ns, 8.1745 ns/op
WorkloadWarmup   2: 67108864 op, 546783300.00 ns, 8.1477 ns/op
WorkloadWarmup   3: 67108864 op, 544553500.00 ns, 8.1145 ns/op

WorkloadActual   1: 67108864 op, 546018000.00 ns, 8.1363 ns/op
WorkloadActual   2: 67108864 op, 555056500.00 ns, 8.2710 ns/op
WorkloadActual   3: 67108864 op, 555831300.00 ns, 8.2825 ns/op

WorkloadResult   1: 67108864 op, 361419200.00 ns, 5.3856 ns/op
WorkloadResult   2: 67108864 op, 370457700.00 ns, 5.5202 ns/op
WorkloadResult   3: 67108864 op, 371232500.00 ns, 5.5318 ns/op
// GC:  192 0 0 1610616384 67108864
// Threading:  0 0 67108864


Mean = 5.479 ns, StdErr = 0.047 ns (0.86%), N = 3, StdDev = 0.081 ns
Min = 5.386 ns, Q1 = 5.453 ns, Median = 5.520 ns, Q3 = 5.526 ns, Max = 5.532 ns
IQR = 0.073 ns, LowerFence = 5.343 ns, UpperFence = 5.636 ns
ConfidenceInterval = [3.996 ns; 6.962 ns] (CI 99.9%), Margin = 1.483 ns (27.07% of Mean)
Skewness = -0.38, Kurtosis = 0.67, MValue = 2

// ** Remained 9 (45.0 %) benchmark(s) to run. Estimated finish 2026-08-30 15:57 (0h 1m from now) **
Setup power plan (GUID: 8c5e7fda-e8bf-4a96-9a85-a6e23a8c635c FriendlyName: Wysoka wydajność)
// **************************
// Benchmark: MappingBenchmarks.OneOf_Failure: ShortRun(Toolchain=InProcessEmitToolchain, IterationCount=3, LaunchCount=1, WarmupCount=3)
// *** Execute ***
// Launch: 1 / 1

// Benchmark Process Environment Information:
// BenchmarkDotNet v0.15.4
// Runtime=.NET 10.0.9 (10.0.9, 10.0.926.27113), X64 RyuJIT x86-64-v3
// GC=Concurrent Workstation
// HardwareIntrinsics=AVX2+BMI1+BMI2+F16C+FMA+LZCNT+MOVBE,AVX,SSE3+SSSE3+SSE4.1+SSE4.2+POPCNT,X86Base+SSE+SSE2,AES+PCLMUL VectorSize=256
// Job: Job-ZYJCSJ(Toolchain=InProcessEmitToolchain, IterationCount=3, LaunchCount=1, WarmupCount=3)

OverheadJitting  1: 1 op, 228400.00 ns, 228.4000 us/op
WorkloadJitting  1: 1 op, 578600.00 ns, 578.6000 us/op

OverheadJitting  2: 16 op, 541400.00 ns, 33.8375 us/op
WorkloadJitting  2: 16 op, 626900.00 ns, 39.1813 us/op

WorkloadPilot    1: 16 op, 8400.00 ns, 525.0000 ns/op
WorkloadPilot    2: 32 op, 29700.00 ns, 928.1250 ns/op
WorkloadPilot    3: 64 op, 23100.00 ns, 360.9375 ns/op
WorkloadPilot    4: 128 op, 45100.00 ns, 352.3438 ns/op
WorkloadPilot    5: 256 op, 76900.00 ns, 300.3906 ns/op
WorkloadPilot    6: 512 op, 149000.00 ns, 291.0156 ns/op
WorkloadPilot    7: 1024 op, 267700.00 ns, 261.4258 ns/op
WorkloadPilot    8: 2048 op, 534900.00 ns, 261.1816 ns/op
WorkloadPilot    9: 4096 op, 1100200.00 ns, 268.6035 ns/op
WorkloadPilot   10: 8192 op, 2961700.00 ns, 361.5356 ns/op
WorkloadPilot   11: 16384 op, 4138600.00 ns, 252.6001 ns/op
WorkloadPilot   12: 32768 op, 6379300.00 ns, 194.6808 ns/op
WorkloadPilot   13: 65536 op, 11124900.00 ns, 169.7525 ns/op
WorkloadPilot   14: 131072 op, 22012500.00 ns, 167.9420 ns/op
WorkloadPilot   15: 262144 op, 43756400.00 ns, 166.9174 ns/op
WorkloadPilot   16: 524288 op, 87696900.00 ns, 167.2686 ns/op
WorkloadPilot   17: 1048576 op, 151052600.00 ns, 144.0550 ns/op
WorkloadPilot   18: 2097152 op, 302648200.00 ns, 144.3139 ns/op
WorkloadPilot   19: 4194304 op, 612308300.00 ns, 145.9857 ns/op

OverheadWarmup   1: 4194304 op, 11005900.00 ns, 2.6240 ns/op
OverheadWarmup   2: 4194304 op, 11135800.00 ns, 2.6550 ns/op
OverheadWarmup   3: 4194304 op, 11453400.00 ns, 2.7307 ns/op
OverheadWarmup   4: 4194304 op, 11159400.00 ns, 2.6606 ns/op
OverheadWarmup   5: 4194304 op, 11297500.00 ns, 2.6935 ns/op
OverheadWarmup   6: 4194304 op, 11099200.00 ns, 2.6463 ns/op

OverheadActual   1: 4194304 op, 11202200.00 ns, 2.6708 ns/op
OverheadActual   2: 4194304 op, 11090700.00 ns, 2.6442 ns/op
OverheadActual   3: 4194304 op, 11163100.00 ns, 2.6615 ns/op
OverheadActual   4: 4194304 op, 11486100.00 ns, 2.7385 ns/op
OverheadActual   5: 4194304 op, 11354300.00 ns, 2.7071 ns/op
OverheadActual   6: 4194304 op, 11098300.00 ns, 2.6460 ns/op
OverheadActual   7: 4194304 op, 11165800.00 ns, 2.6621 ns/op
OverheadActual   8: 4194304 op, 11528600.00 ns, 2.7486 ns/op
OverheadActual   9: 4194304 op, 11213700.00 ns, 2.6736 ns/op
OverheadActual  10: 4194304 op, 11159900.00 ns, 2.6607 ns/op
OverheadActual  11: 4194304 op, 11014300.00 ns, 2.6260 ns/op
OverheadActual  12: 4194304 op, 11177500.00 ns, 2.6649 ns/op
OverheadActual  13: 4194304 op, 11235300.00 ns, 2.6787 ns/op
OverheadActual  14: 4194304 op, 11108800.00 ns, 2.6485 ns/op
OverheadActual  15: 4194304 op, 11105000.00 ns, 2.6476 ns/op

WorkloadWarmup   1: 4194304 op, 602871400.00 ns, 143.7357 ns/op
WorkloadWarmup   2: 4194304 op, 603575000.00 ns, 143.9035 ns/op
WorkloadWarmup   3: 4194304 op, 602528700.00 ns, 143.6540 ns/op

WorkloadActual   1: 4194304 op, 603736400.00 ns, 143.9420 ns/op
WorkloadActual   2: 4194304 op, 613659500.00 ns, 146.3078 ns/op
WorkloadActual   3: 4194304 op, 621382600.00 ns, 148.1492 ns/op

WorkloadResult   1: 4194304 op, 592570600.00 ns, 141.2798 ns/op
WorkloadResult   2: 4194304 op, 602493700.00 ns, 143.6457 ns/op
WorkloadResult   3: 4194304 op, 610216800.00 ns, 145.4870 ns/op
// GC:  288 0 0 2415985176 4194304
// Threading:  0 0 4194304


Mean = 143.471 ns, StdErr = 1.218 ns (0.85%), N = 3, StdDev = 2.109 ns
Min = 141.280 ns, Q1 = 142.463 ns, Median = 143.646 ns, Q3 = 144.566 ns, Max = 145.487 ns
IQR = 2.104 ns, LowerFence = 139.307 ns, UpperFence = 147.722 ns
ConfidenceInterval = [104.994 ns; 181.947 ns] (CI 99.9%), Margin = 38.477 ns (26.82% of Mean)
Skewness = -0.08, Kurtosis = 0.67, MValue = 2

// ** Remained 8 (40.0 %) benchmark(s) to run. Estimated finish 2026-08-30 15:57 (0h 1m from now) **
Setup power plan (GUID: 8c5e7fda-e8bf-4a96-9a85-a6e23a8c635c FriendlyName: Wysoka wydajność)
// **************************
// Benchmark: MappingBenchmarks.LanguageExt_Success: ShortRun(Toolchain=InProcessEmitToolchain, IterationCount=3, LaunchCount=1, WarmupCount=3)
// *** Execute ***
// Launch: 1 / 1

// Benchmark Process Environment Information:
// BenchmarkDotNet v0.15.4
// Runtime=.NET 10.0.9 (10.0.9, 10.0.926.27113), X64 RyuJIT x86-64-v3
// GC=Concurrent Workstation
// HardwareIntrinsics=AVX2+BMI1+BMI2+F16C+FMA+LZCNT+MOVBE,AVX,SSE3+SSSE3+SSE4.1+SSE4.2+POPCNT,X86Base+SSE+SSE2,AES+PCLMUL VectorSize=256
// Job: Job-ZYJCSJ(Toolchain=InProcessEmitToolchain, IterationCount=3, LaunchCount=1, WarmupCount=3)

OverheadJitting  1: 1 op, 231600.00 ns, 231.6000 us/op
WorkloadJitting  1: 1 op, 472149800.00 ns, 472.1498 ms/op

OverheadJitting  2: 1 op, 1400.00 ns, 1.4000 us/op
WorkloadJitting  2: 1 op, 2000.00 ns, 2.0000 us/op

OverheadJitting  3: 16 op, 659100.00 ns, 41.1938 us/op
WorkloadJitting  3: 16 op, 624700.00 ns, 39.0438 us/op

WorkloadPilot    1: 16 op, 5400.00 ns, 337.5000 ns/op
WorkloadPilot    2: 32 op, 1600.00 ns, 50.0000 ns/op
WorkloadPilot    3: 64 op, 2300.00 ns, 35.9375 ns/op
WorkloadPilot    4: 128 op, 3400.00 ns, 26.5625 ns/op
WorkloadPilot    5: 256 op, 5300.00 ns, 20.7031 ns/op
WorkloadPilot    6: 512 op, 16500.00 ns, 32.2266 ns/op
WorkloadPilot    7: 1024 op, 26200.00 ns, 25.5859 ns/op
WorkloadPilot    8: 2048 op, 44600.00 ns, 21.7773 ns/op
WorkloadPilot    9: 4096 op, 98200.00 ns, 23.9746 ns/op
WorkloadPilot   10: 8192 op, 216100.00 ns, 26.3794 ns/op
WorkloadPilot   11: 16384 op, 335200.00 ns, 20.4590 ns/op
WorkloadPilot   12: 32768 op, 673600.00 ns, 20.5566 ns/op
WorkloadPilot   13: 65536 op, 1362000.00 ns, 20.7825 ns/op
WorkloadPilot   14: 131072 op, 2781400.00 ns, 21.2204 ns/op
WorkloadPilot   15: 262144 op, 5480800.00 ns, 20.9076 ns/op
WorkloadPilot   16: 524288 op, 10327800.00 ns, 19.6987 ns/op
WorkloadPilot   17: 1048576 op, 18378700.00 ns, 17.5273 ns/op
WorkloadPilot   18: 2097152 op, 36549100.00 ns, 17.4280 ns/op
WorkloadPilot   19: 4194304 op, 70159100.00 ns, 16.7272 ns/op
WorkloadPilot   20: 8388608 op, 94367400.00 ns, 11.2495 ns/op
WorkloadPilot   21: 16777216 op, 140166600.00 ns, 8.3546 ns/op
WorkloadPilot   22: 33554432 op, 276770800.00 ns, 8.2484 ns/op
WorkloadPilot   23: 67108864 op, 554125900.00 ns, 8.2571 ns/op

OverheadWarmup   1: 67108864 op, 177855800.00 ns, 2.6503 ns/op
OverheadWarmup   2: 67108864 op, 177608500.00 ns, 2.6466 ns/op
OverheadWarmup   3: 67108864 op, 178187300.00 ns, 2.6552 ns/op
OverheadWarmup   4: 67108864 op, 178409000.00 ns, 2.6585 ns/op
OverheadWarmup   5: 67108864 op, 181403800.00 ns, 2.7031 ns/op
OverheadWarmup   6: 67108864 op, 177799800.00 ns, 2.6494 ns/op
OverheadWarmup   7: 67108864 op, 177606600.00 ns, 2.6465 ns/op
OverheadWarmup   8: 67108864 op, 177329300.00 ns, 2.6424 ns/op
OverheadWarmup   9: 67108864 op, 178305900.00 ns, 2.6570 ns/op
OverheadWarmup  10: 67108864 op, 179582500.00 ns, 2.6760 ns/op

OverheadActual   1: 67108864 op, 179428400.00 ns, 2.6737 ns/op
OverheadActual   2: 67108864 op, 177768500.00 ns, 2.6490 ns/op
OverheadActual   3: 67108864 op, 177649000.00 ns, 2.6472 ns/op
OverheadActual   4: 67108864 op, 177718300.00 ns, 2.6482 ns/op
OverheadActual   5: 67108864 op, 178978700.00 ns, 2.6670 ns/op
OverheadActual   6: 67108864 op, 184282800.00 ns, 2.7460 ns/op
OverheadActual   7: 67108864 op, 196705200.00 ns, 2.9311 ns/op
OverheadActual   8: 67108864 op, 185648900.00 ns, 2.7664 ns/op
OverheadActual   9: 67108864 op, 187113200.00 ns, 2.7882 ns/op
OverheadActual  10: 67108864 op, 179287300.00 ns, 2.6716 ns/op
OverheadActual  11: 67108864 op, 178457800.00 ns, 2.6592 ns/op
OverheadActual  12: 67108864 op, 179842300.00 ns, 2.6799 ns/op
OverheadActual  13: 67108864 op, 178144200.00 ns, 2.6546 ns/op
OverheadActual  14: 67108864 op, 177546400.00 ns, 2.6456 ns/op
OverheadActual  15: 67108864 op, 177967800.00 ns, 2.6519 ns/op

WorkloadWarmup   1: 67108864 op, 556895900.00 ns, 8.2984 ns/op
WorkloadWarmup   2: 67108864 op, 555178300.00 ns, 8.2728 ns/op
WorkloadWarmup   3: 67108864 op, 553153200.00 ns, 8.2426 ns/op

WorkloadActual   1: 67108864 op, 555104200.00 ns, 8.2717 ns/op
WorkloadActual   2: 67108864 op, 565126900.00 ns, 8.4210 ns/op
WorkloadActual   3: 67108864 op, 563647800.00 ns, 8.3990 ns/op

WorkloadResult   1: 67108864 op, 376125500.00 ns, 5.6047 ns/op
WorkloadResult   2: 67108864 op, 386148200.00 ns, 5.7541 ns/op
WorkloadResult   3: 67108864 op, 384669100.00 ns, 5.7320 ns/op
// GC:  192 0 0 1610616384 67108864
// Threading:  0 0 67108864


Mean = 5.697 ns, StdErr = 0.047 ns (0.82%), N = 3, StdDev = 0.081 ns
Min = 5.605 ns, Q1 = 5.668 ns, Median = 5.732 ns, Q3 = 5.743 ns, Max = 5.754 ns
IQR = 0.075 ns, LowerFence = 5.556 ns, UpperFence = 5.855 ns
ConfidenceInterval = [4.226 ns; 7.168 ns] (CI 99.9%), Margin = 1.471 ns (25.82% of Mean)
Skewness = -0.35, Kurtosis = 0.67, MValue = 2

// ** Remained 7 (35.0 %) benchmark(s) to run. Estimated finish 2026-08-30 15:56 (0h 1m from now) **
Setup power plan (GUID: 8c5e7fda-e8bf-4a96-9a85-a6e23a8c635c FriendlyName: Wysoka wydajność)
// **************************
// Benchmark: MappingBenchmarks.LanguageExt_Failure: ShortRun(Toolchain=InProcessEmitToolchain, IterationCount=3, LaunchCount=1, WarmupCount=3)
// *** Execute ***
// Launch: 1 / 1

// Benchmark Process Environment Information:
// BenchmarkDotNet v0.15.4
// Runtime=.NET 10.0.9 (10.0.9, 10.0.926.27113), X64 RyuJIT x86-64-v3
// GC=Concurrent Workstation
// HardwareIntrinsics=AVX2+BMI1+BMI2+F16C+FMA+LZCNT+MOVBE,AVX,SSE3+SSSE3+SSE4.1+SSE4.2+POPCNT,X86Base+SSE+SSE2,AES+PCLMUL VectorSize=256
// Job: Job-ZYJCSJ(Toolchain=InProcessEmitToolchain, IterationCount=3, LaunchCount=1, WarmupCount=3)

OverheadJitting  1: 1 op, 233000.00 ns, 233.0000 us/op
WorkloadJitting  1: 1 op, 1150300.00 ns, 1.1503 ms/op

OverheadJitting  2: 16 op, 620300.00 ns, 38.7688 us/op
WorkloadJitting  2: 16 op, 551100.00 ns, 34.4438 us/op

WorkloadPilot    1: 16 op, 16700.00 ns, 1.0438 us/op
WorkloadPilot    2: 32 op, 18500.00 ns, 578.1250 ns/op
WorkloadPilot    3: 64 op, 22600.00 ns, 353.1250 ns/op
WorkloadPilot    4: 128 op, 41200.00 ns, 321.8750 ns/op
WorkloadPilot    5: 256 op, 75700.00 ns, 295.7031 ns/op
WorkloadPilot    6: 512 op, 186900.00 ns, 365.0391 ns/op
WorkloadPilot    7: 1024 op, 289200.00 ns, 282.4219 ns/op
WorkloadPilot    8: 2048 op, 554800.00 ns, 270.8984 ns/op
WorkloadPilot    9: 4096 op, 1123900.00 ns, 274.3896 ns/op
WorkloadPilot   10: 8192 op, 2979300.00 ns, 363.6841 ns/op
WorkloadPilot   11: 16384 op, 4690400.00 ns, 286.2793 ns/op
WorkloadPilot   12: 32768 op, 6952500.00 ns, 212.1735 ns/op
WorkloadPilot   13: 65536 op, 12282300.00 ns, 187.4130 ns/op
WorkloadPilot   14: 131072 op, 25569100.00 ns, 195.0768 ns/op
WorkloadPilot   15: 262144 op, 48770700.00 ns, 186.0455 ns/op
WorkloadPilot   16: 524288 op, 98536700.00 ns, 187.9438 ns/op
WorkloadPilot   17: 1048576 op, 157674400.00 ns, 150.3700 ns/op
WorkloadPilot   18: 2097152 op, 320498900.00 ns, 152.8258 ns/op
WorkloadPilot   19: 4194304 op, 645539600.00 ns, 153.9086 ns/op

OverheadWarmup   1: 4194304 op, 11602100.00 ns, 2.7662 ns/op
OverheadWarmup   2: 4194304 op, 11923100.00 ns, 2.8427 ns/op
OverheadWarmup   3: 4194304 op, 11821800.00 ns, 2.8185 ns/op
OverheadWarmup   4: 4194304 op, 11636600.00 ns, 2.7744 ns/op
OverheadWarmup   5: 4194304 op, 11659000.00 ns, 2.7797 ns/op
OverheadWarmup   6: 4194304 op, 11416700.00 ns, 2.7220 ns/op

OverheadActual   1: 4194304 op, 12555100.00 ns, 2.9934 ns/op
OverheadActual   2: 4194304 op, 12183400.00 ns, 2.9047 ns/op
OverheadActual   3: 4194304 op, 11867800.00 ns, 2.8295 ns/op
OverheadActual   4: 4194304 op, 12042000.00 ns, 2.8710 ns/op
OverheadActual   5: 4194304 op, 11657600.00 ns, 2.7794 ns/op
OverheadActual   6: 4194304 op, 11466600.00 ns, 2.7339 ns/op
OverheadActual   7: 4194304 op, 11621000.00 ns, 2.7707 ns/op
OverheadActual   8: 4194304 op, 11705400.00 ns, 2.7908 ns/op
OverheadActual   9: 4194304 op, 11626500.00 ns, 2.7720 ns/op
OverheadActual  10: 4194304 op, 11566000.00 ns, 2.7575 ns/op
OverheadActual  11: 4194304 op, 11993600.00 ns, 2.8595 ns/op
OverheadActual  12: 4194304 op, 11732800.00 ns, 2.7973 ns/op
OverheadActual  13: 4194304 op, 11475200.00 ns, 2.7359 ns/op
OverheadActual  14: 4194304 op, 11742500.00 ns, 2.7996 ns/op
OverheadActual  15: 4194304 op, 11704300.00 ns, 2.7905 ns/op

WorkloadWarmup   1: 4194304 op, 633689100.00 ns, 151.0833 ns/op
WorkloadWarmup   2: 4194304 op, 637835900.00 ns, 152.0719 ns/op
WorkloadWarmup   3: 4194304 op, 647462300.00 ns, 154.3670 ns/op

WorkloadActual   1: 4194304 op, 644255100.00 ns, 153.6024 ns/op
WorkloadActual   2: 4194304 op, 643246600.00 ns, 153.3619 ns/op
WorkloadActual   3: 4194304 op, 651938400.00 ns, 155.4342 ns/op

WorkloadResult   1: 4194304 op, 632549700.00 ns, 150.8116 ns/op
WorkloadResult   2: 4194304 op, 631541200.00 ns, 150.5712 ns/op
WorkloadResult   3: 4194304 op, 640233000.00 ns, 152.6434 ns/op
// GC:  288 0 0 2415922752 4194304
// Threading:  0 0 4194304


Mean = 151.342 ns, StdErr = 0.654 ns (0.43%), N = 3, StdDev = 1.133 ns
Min = 150.571 ns, Q1 = 150.691 ns, Median = 150.812 ns, Q3 = 151.728 ns, Max = 152.643 ns
IQR = 1.036 ns, LowerFence = 149.137 ns, UpperFence = 153.282 ns
ConfidenceInterval = [130.664 ns; 172.020 ns] (CI 99.9%), Margin = 20.678 ns (13.66% of Mean)
Skewness = 0.37, Kurtosis = 0.67, MValue = 2

// ** Remained 6 (30.0 %) benchmark(s) to run. Estimated finish 2026-08-30 15:56 (0h 1m from now) **
Setup power plan (GUID: 8c5e7fda-e8bf-4a96-9a85-a6e23a8c635c FriendlyName: Wysoka wydajność)
// **************************
// Benchmark: MappingBenchmarks.FluentResults_Success: ShortRun(Toolchain=InProcessEmitToolchain, IterationCount=3, LaunchCount=1, WarmupCount=3)
// *** Execute ***
// Launch: 1 / 1

// Benchmark Process Environment Information:
// BenchmarkDotNet v0.15.4
// Runtime=.NET 10.0.9 (10.0.9, 10.0.926.27113), X64 RyuJIT x86-64-v3
// GC=Concurrent Workstation
// HardwareIntrinsics=AVX2+BMI1+BMI2+F16C+FMA+LZCNT+MOVBE,AVX,SSE3+SSSE3+SSE4.1+SSE4.2+POPCNT,X86Base+SSE+SSE2,AES+PCLMUL VectorSize=256
// Job: Job-ZYJCSJ(Toolchain=InProcessEmitToolchain, IterationCount=3, LaunchCount=1, WarmupCount=3)

OverheadJitting  1: 1 op, 223500.00 ns, 223.5000 us/op
WorkloadJitting  1: 1 op, 359689600.00 ns, 359.6896 ms/op

OverheadJitting  2: 1 op, 1200.00 ns, 1.2000 us/op
WorkloadJitting  2: 1 op, 3300.00 ns, 3.3000 us/op

OverheadJitting  3: 16 op, 676200.00 ns, 42.2625 us/op
WorkloadJitting  3: 16 op, 641000.00 ns, 40.0625 us/op

WorkloadPilot    1: 16 op, 4800.00 ns, 300.0000 ns/op
WorkloadPilot    2: 32 op, 8300.00 ns, 259.3750 ns/op
WorkloadPilot    3: 64 op, 8700.00 ns, 135.9375 ns/op
WorkloadPilot    4: 128 op, 18500.00 ns, 144.5313 ns/op
WorkloadPilot    5: 256 op, 33100.00 ns, 129.2969 ns/op
WorkloadPilot    6: 512 op, 52600.00 ns, 102.7344 ns/op
WorkloadPilot    7: 1024 op, 102000.00 ns, 99.6094 ns/op
WorkloadPilot    8: 2048 op, 238800.00 ns, 116.6016 ns/op
WorkloadPilot    9: 4096 op, 514700.00 ns, 125.6592 ns/op
WorkloadPilot   10: 8192 op, 1106300.00 ns, 135.0464 ns/op
WorkloadPilot   11: 16384 op, 1925800.00 ns, 117.5415 ns/op
WorkloadPilot   12: 32768 op, 3783100.00 ns, 115.4510 ns/op
WorkloadPilot   13: 65536 op, 7489400.00 ns, 114.2792 ns/op
WorkloadPilot   14: 131072 op, 14092400.00 ns, 107.5165 ns/op
WorkloadPilot   15: 262144 op, 25710400.00 ns, 98.0774 ns/op
WorkloadPilot   16: 524288 op, 50632900.00 ns, 96.5746 ns/op
WorkloadPilot   17: 1048576 op, 93955900.00 ns, 89.6033 ns/op
WorkloadPilot   18: 2097152 op, 116376300.00 ns, 55.4925 ns/op
WorkloadPilot   19: 4194304 op, 232897900.00 ns, 55.5272 ns/op
WorkloadPilot   20: 8388608 op, 464263800.00 ns, 55.3446 ns/op
WorkloadPilot   21: 16777216 op, 928445600.00 ns, 55.3397 ns/op

OverheadWarmup   1: 16777216 op, 44551000.00 ns, 2.6554 ns/op
OverheadWarmup   2: 16777216 op, 45050100.00 ns, 2.6852 ns/op
OverheadWarmup   3: 16777216 op, 44676600.00 ns, 2.6629 ns/op
OverheadWarmup   4: 16777216 op, 44898100.00 ns, 2.6761 ns/op
OverheadWarmup   5: 16777216 op, 44349700.00 ns, 2.6434 ns/op

OverheadActual   1: 16777216 op, 44434900.00 ns, 2.6485 ns/op
OverheadActual   2: 16777216 op, 44564700.00 ns, 2.6563 ns/op
OverheadActual   3: 16777216 op, 44355400.00 ns, 2.6438 ns/op
OverheadActual   4: 16777216 op, 44799500.00 ns, 2.6703 ns/op
OverheadActual   5: 16777216 op, 44619900.00 ns, 2.6596 ns/op
OverheadActual   6: 16777216 op, 44447000.00 ns, 2.6492 ns/op
OverheadActual   7: 16777216 op, 44373500.00 ns, 2.6449 ns/op
OverheadActual   8: 16777216 op, 44493600.00 ns, 2.6520 ns/op
OverheadActual   9: 16777216 op, 44649900.00 ns, 2.6613 ns/op
OverheadActual  10: 16777216 op, 44719200.00 ns, 2.6655 ns/op
OverheadActual  11: 16777216 op, 44440200.00 ns, 2.6488 ns/op
OverheadActual  12: 16777216 op, 44590800.00 ns, 2.6578 ns/op
OverheadActual  13: 16777216 op, 44943600.00 ns, 2.6788 ns/op
OverheadActual  14: 16777216 op, 44179500.00 ns, 2.6333 ns/op
OverheadActual  15: 16777216 op, 44453000.00 ns, 2.6496 ns/op

WorkloadWarmup   1: 16777216 op, 914608400.00 ns, 54.5149 ns/op
WorkloadWarmup   2: 16777216 op, 916466200.00 ns, 54.6256 ns/op
WorkloadWarmup   3: 16777216 op, 914176100.00 ns, 54.4891 ns/op

WorkloadActual   1: 16777216 op, 916140200.00 ns, 54.6062 ns/op
WorkloadActual   2: 16777216 op, 931241800.00 ns, 55.5063 ns/op
WorkloadActual   3: 16777216 op, 928108400.00 ns, 55.3196 ns/op

WorkloadResult   1: 16777216 op, 871646600.00 ns, 51.9542 ns/op
WorkloadResult   2: 16777216 op, 886748200.00 ns, 52.8543 ns/op
WorkloadResult   3: 16777216 op, 883614800.00 ns, 52.6675 ns/op
// GC:  240 0 0 2013269568 16777216
// Threading:  0 0 16777216


Mean = 52.492 ns, StdErr = 0.274 ns (0.52%), N = 3, StdDev = 0.475 ns
Min = 51.954 ns, Q1 = 52.311 ns, Median = 52.668 ns, Q3 = 52.761 ns, Max = 52.854 ns
IQR = 0.450 ns, LowerFence = 51.636 ns, UpperFence = 53.436 ns
ConfidenceInterval = [43.825 ns; 61.159 ns] (CI 99.9%), Margin = 8.667 ns (16.51% of Mean)
Skewness = -0.32, Kurtosis = 0.67, MValue = 2

// ** Remained 5 (25.0 %) benchmark(s) to run. Estimated finish 2026-08-30 15:56 (0h 0m from now) **
Setup power plan (GUID: 8c5e7fda-e8bf-4a96-9a85-a6e23a8c635c FriendlyName: Wysoka wydajność)
// **************************
// Benchmark: MappingBenchmarks.FluentResults_Failure: ShortRun(Toolchain=InProcessEmitToolchain, IterationCount=3, LaunchCount=1, WarmupCount=3)
// *** Execute ***
// Launch: 1 / 1

// Benchmark Process Environment Information:
// BenchmarkDotNet v0.15.4
// Runtime=.NET 10.0.9 (10.0.9, 10.0.926.27113), X64 RyuJIT x86-64-v3
// GC=Concurrent Workstation
// HardwareIntrinsics=AVX2+BMI1+BMI2+F16C+FMA+LZCNT+MOVBE,AVX,SSE3+SSSE3+SSE4.1+SSE4.2+POPCNT,X86Base+SSE+SSE2,AES+PCLMUL VectorSize=256
// Job: Job-ZYJCSJ(Toolchain=InProcessEmitToolchain, IterationCount=3, LaunchCount=1, WarmupCount=3)

OverheadJitting  1: 1 op, 249800.00 ns, 249.8000 us/op
WorkloadJitting  1: 1 op, 1081400.00 ns, 1.0814 ms/op

OverheadJitting  2: 16 op, 590800.00 ns, 36.9250 us/op
WorkloadJitting  2: 16 op, 606800.00 ns, 37.9250 us/op

WorkloadPilot    1: 16 op, 14700.00 ns, 918.7500 ns/op
WorkloadPilot    2: 32 op, 31200.00 ns, 975.0000 ns/op
WorkloadPilot    3: 64 op, 41400.00 ns, 646.8750 ns/op
WorkloadPilot    4: 128 op, 75600.00 ns, 590.6250 ns/op
WorkloadPilot    5: 256 op, 142100.00 ns, 555.0781 ns/op
WorkloadPilot    6: 512 op, 310600.00 ns, 606.6406 ns/op
WorkloadPilot    7: 1024 op, 563100.00 ns, 549.9023 ns/op
WorkloadPilot    8: 2048 op, 1142000.00 ns, 557.6172 ns/op
WorkloadPilot    9: 4096 op, 2168200.00 ns, 529.3457 ns/op
WorkloadPilot   10: 8192 op, 5769700.00 ns, 704.3091 ns/op
WorkloadPilot   11: 16384 op, 7671000.00 ns, 468.2007 ns/op
WorkloadPilot   12: 32768 op, 13827800.00 ns, 421.9910 ns/op
WorkloadPilot   13: 65536 op, 26654000.00 ns, 406.7078 ns/op
WorkloadPilot   14: 131072 op, 52558000.00 ns, 400.9857 ns/op
WorkloadPilot   15: 262144 op, 104307100.00 ns, 397.9000 ns/op
WorkloadPilot   16: 524288 op, 138072800.00 ns, 263.3530 ns/op
WorkloadPilot   17: 1048576 op, 253619800.00 ns, 241.8707 ns/op
WorkloadPilot   18: 2097152 op, 506236800.00 ns, 241.3925 ns/op

OverheadWarmup   1: 2097152 op, 5603600.00 ns, 2.6720 ns/op
OverheadWarmup   2: 2097152 op, 5571700.00 ns, 2.6568 ns/op
OverheadWarmup   3: 2097152 op, 5542200.00 ns, 2.6427 ns/op
OverheadWarmup   4: 2097152 op, 5534600.00 ns, 2.6391 ns/op
OverheadWarmup   5: 2097152 op, 5632100.00 ns, 2.6856 ns/op
OverheadWarmup   6: 2097152 op, 5615100.00 ns, 2.6775 ns/op
OverheadWarmup   7: 2097152 op, 5773100.00 ns, 2.7528 ns/op
OverheadWarmup   8: 2097152 op, 5522400.00 ns, 2.6333 ns/op

OverheadActual   1: 2097152 op, 5706000.00 ns, 2.7208 ns/op
OverheadActual   2: 2097152 op, 5557700.00 ns, 2.6501 ns/op
OverheadActual   3: 2097152 op, 5761300.00 ns, 2.7472 ns/op
OverheadActual   4: 2097152 op, 5536500.00 ns, 2.6400 ns/op
OverheadActual   5: 2097152 op, 5625100.00 ns, 2.6823 ns/op
OverheadActual   6: 2097152 op, 5567700.00 ns, 2.6549 ns/op
OverheadActual   7: 2097152 op, 5567700.00 ns, 2.6549 ns/op
OverheadActual   8: 2097152 op, 5576600.00 ns, 2.6591 ns/op
OverheadActual   9: 2097152 op, 5562900.00 ns, 2.6526 ns/op
OverheadActual  10: 2097152 op, 5680800.00 ns, 2.7088 ns/op
OverheadActual  11: 2097152 op, 5630300.00 ns, 2.6847 ns/op
OverheadActual  12: 2097152 op, 5698800.00 ns, 2.7174 ns/op
OverheadActual  13: 2097152 op, 5717800.00 ns, 2.7265 ns/op
OverheadActual  14: 2097152 op, 5665600.00 ns, 2.7016 ns/op
OverheadActual  15: 2097152 op, 5558500.00 ns, 2.6505 ns/op

WorkloadWarmup   1: 2097152 op, 509318000.00 ns, 242.8617 ns/op
WorkloadWarmup   2: 2097152 op, 508268800.00 ns, 242.3615 ns/op
WorkloadWarmup   3: 2097152 op, 506947900.00 ns, 241.7316 ns/op

WorkloadActual   1: 2097152 op, 507904100.00 ns, 242.1875 ns/op
WorkloadActual   2: 2097152 op, 525069900.00 ns, 250.3728 ns/op
WorkloadActual   3: 2097152 op, 517644600.00 ns, 246.8322 ns/op

WorkloadResult   1: 2097152 op, 502279000.00 ns, 239.5053 ns/op
WorkloadResult   2: 2097152 op, 519444800.00 ns, 247.6906 ns/op
WorkloadResult   3: 2097152 op, 512019500.00 ns, 244.1499 ns/op
// GC:  210 0 0 1761611328 2097152
// Threading:  0 0 2097152


Mean = 243.782 ns, StdErr = 2.370 ns (0.97%), N = 3, StdDev = 4.105 ns
Min = 239.505 ns, Q1 = 241.828 ns, Median = 244.150 ns, Q3 = 245.920 ns, Max = 247.691 ns
IQR = 4.093 ns, LowerFence = 235.689 ns, UpperFence = 252.059 ns
ConfidenceInterval = [168.891 ns; 318.673 ns] (CI 99.9%), Margin = 74.891 ns (30.72% of Mean)
Skewness = -0.09, Kurtosis = 0.67, MValue = 2

// ** Remained 4 (20.0 %) benchmark(s) to run. Estimated finish 2026-08-30 15:56 (0h 0m from now) **
Setup power plan (GUID: 8c5e7fda-e8bf-4a96-9a85-a6e23a8c635c FriendlyName: Wysoka wydajność)
// **************************
// Benchmark: MappingBenchmarks.Ardalis_Success: ShortRun(Toolchain=InProcessEmitToolchain, IterationCount=3, LaunchCount=1, WarmupCount=3)
// *** Execute ***
// Launch: 1 / 1

// Benchmark Process Environment Information:
// BenchmarkDotNet v0.15.4
// Runtime=.NET 10.0.9 (10.0.9, 10.0.926.27113), X64 RyuJIT x86-64-v3
// GC=Concurrent Workstation
// HardwareIntrinsics=AVX2+BMI1+BMI2+F16C+FMA+LZCNT+MOVBE,AVX,SSE3+SSSE3+SSE4.1+SSE4.2+POPCNT,X86Base+SSE+SSE2,AES+PCLMUL VectorSize=256
// Job: Job-ZYJCSJ(Toolchain=InProcessEmitToolchain, IterationCount=3, LaunchCount=1, WarmupCount=3)

OverheadJitting  1: 1 op, 239500.00 ns, 239.5000 us/op
WorkloadJitting  1: 1 op, 515840000.00 ns, 515.8400 ms/op

OverheadJitting  2: 1 op, 1200.00 ns, 1.2000 us/op
WorkloadJitting  2: 1 op, 2100.00 ns, 2.1000 us/op

OverheadJitting  3: 16 op, 608900.00 ns, 38.0563 us/op
WorkloadJitting  3: 16 op, 545700.00 ns, 34.1063 us/op

WorkloadPilot    1: 16 op, 2500.00 ns, 156.2500 ns/op
WorkloadPilot    2: 32 op, 4600.00 ns, 143.7500 ns/op
WorkloadPilot    3: 64 op, 2000.00 ns, 31.2500 ns/op
WorkloadPilot    4: 128 op, 2700.00 ns, 21.0938 ns/op
WorkloadPilot    5: 256 op, 4200.00 ns, 16.4063 ns/op
WorkloadPilot    6: 512 op, 7600.00 ns, 14.8438 ns/op
WorkloadPilot    7: 1024 op, 13500.00 ns, 13.1836 ns/op
WorkloadPilot    8: 2048 op, 26500.00 ns, 12.9395 ns/op
WorkloadPilot    9: 4096 op, 51100.00 ns, 12.4756 ns/op
WorkloadPilot   10: 8192 op, 161500.00 ns, 19.7144 ns/op
WorkloadPilot   11: 16384 op, 263000.00 ns, 16.0522 ns/op
WorkloadPilot   12: 32768 op, 520000.00 ns, 15.8691 ns/op
WorkloadPilot   13: 65536 op, 1041800.00 ns, 15.8966 ns/op
WorkloadPilot   14: 131072 op, 2090000.00 ns, 15.9454 ns/op
WorkloadPilot   15: 262144 op, 4196400.00 ns, 16.0080 ns/op
WorkloadPilot   16: 524288 op, 8085500.00 ns, 15.4219 ns/op
WorkloadPilot   17: 1048576 op, 13901700.00 ns, 13.2577 ns/op
WorkloadPilot   18: 2097152 op, 28414800.00 ns, 13.5492 ns/op
WorkloadPilot   19: 4194304 op, 52181900.00 ns, 12.4411 ns/op
WorkloadPilot   20: 8388608 op, 83821800.00 ns, 9.9923 ns/op
WorkloadPilot   21: 16777216 op, 113804900.00 ns, 6.7833 ns/op
WorkloadPilot   22: 33554432 op, 227996600.00 ns, 6.7948 ns/op
WorkloadPilot   23: 67108864 op, 458676700.00 ns, 6.8348 ns/op
WorkloadPilot   24: 134217728 op, 917738700.00 ns, 6.8377 ns/op

OverheadWarmup   1: 134217728 op, 356511600.00 ns, 2.6562 ns/op
OverheadWarmup   2: 134217728 op, 357699200.00 ns, 2.6651 ns/op
OverheadWarmup   3: 134217728 op, 356144000.00 ns, 2.6535 ns/op
OverheadWarmup   4: 134217728 op, 357011800.00 ns, 2.6599 ns/op
OverheadWarmup   5: 134217728 op, 356597300.00 ns, 2.6569 ns/op

OverheadActual   1: 134217728 op, 355990500.00 ns, 2.6523 ns/op
OverheadActual   2: 134217728 op, 356518200.00 ns, 2.6563 ns/op
OverheadActual   3: 134217728 op, 357380500.00 ns, 2.6627 ns/op
OverheadActual   4: 134217728 op, 356199500.00 ns, 2.6539 ns/op
OverheadActual   5: 134217728 op, 355982100.00 ns, 2.6523 ns/op
OverheadActual   6: 134217728 op, 355504100.00 ns, 2.6487 ns/op
OverheadActual   7: 134217728 op, 355864500.00 ns, 2.6514 ns/op
OverheadActual   8: 134217728 op, 356570700.00 ns, 2.6567 ns/op
OverheadActual   9: 134217728 op, 356322500.00 ns, 2.6548 ns/op
OverheadActual  10: 134217728 op, 356582800.00 ns, 2.6567 ns/op
OverheadActual  11: 134217728 op, 356742100.00 ns, 2.6579 ns/op
OverheadActual  12: 134217728 op, 355907000.00 ns, 2.6517 ns/op
OverheadActual  13: 134217728 op, 356157700.00 ns, 2.6536 ns/op
OverheadActual  14: 134217728 op, 356837600.00 ns, 2.6586 ns/op
OverheadActual  15: 134217728 op, 355546200.00 ns, 2.6490 ns/op

WorkloadWarmup   1: 134217728 op, 916817000.00 ns, 6.8308 ns/op
WorkloadWarmup   2: 134217728 op, 913580900.00 ns, 6.8067 ns/op
WorkloadWarmup   3: 134217728 op, 915979500.00 ns, 6.8246 ns/op

WorkloadActual   1: 134217728 op, 912751300.00 ns, 6.8005 ns/op
WorkloadActual   2: 134217728 op, 929199200.00 ns, 6.9231 ns/op
WorkloadActual   3: 134217728 op, 928724200.00 ns, 6.9195 ns/op

WorkloadResult   1: 134217728 op, 556551800.00 ns, 4.1466 ns/op
WorkloadResult   2: 134217728 op, 572999700.00 ns, 4.2692 ns/op
WorkloadResult   3: 134217728 op, 572524700.00 ns, 4.2656 ns/op
// GC:  385 0 0 3221229120 134217728
// Threading:  0 0 134217728


Mean = 4.227 ns, StdErr = 0.040 ns (0.95%), N = 3, StdDev = 0.070 ns
Min = 4.147 ns, Q1 = 4.206 ns, Median = 4.266 ns, Q3 = 4.267 ns, Max = 4.269 ns
IQR = 0.061 ns, LowerFence = 4.114 ns, UpperFence = 4.359 ns
ConfidenceInterval = [2.955 ns; 5.500 ns] (CI 99.9%), Margin = 1.273 ns (30.10% of Mean)
Skewness = -0.38, Kurtosis = 0.67, MValue = 2

// ** Remained 3 (15.0 %) benchmark(s) to run. Estimated finish 2026-08-30 15:56 (0h 0m from now) **
Setup power plan (GUID: 8c5e7fda-e8bf-4a96-9a85-a6e23a8c635c FriendlyName: Wysoka wydajność)
// **************************
// Benchmark: MappingBenchmarks.Ardalis_Failure: ShortRun(Toolchain=InProcessEmitToolchain, IterationCount=3, LaunchCount=1, WarmupCount=3)
// *** Execute ***
// Launch: 1 / 1

// Benchmark Process Environment Information:
// BenchmarkDotNet v0.15.4
// Runtime=.NET 10.0.9 (10.0.9, 10.0.926.27113), X64 RyuJIT x86-64-v3
// GC=Concurrent Workstation
// HardwareIntrinsics=AVX2+BMI1+BMI2+F16C+FMA+LZCNT+MOVBE,AVX,SSE3+SSSE3+SSE4.1+SSE4.2+POPCNT,X86Base+SSE+SSE2,AES+PCLMUL VectorSize=256
// Job: Job-ZYJCSJ(Toolchain=InProcessEmitToolchain, IterationCount=3, LaunchCount=1, WarmupCount=3)

OverheadJitting  1: 1 op, 231100.00 ns, 231.1000 us/op
WorkloadJitting  1: 1 op, 868400.00 ns, 868.4000 us/op

OverheadJitting  2: 16 op, 557700.00 ns, 34.8563 us/op
WorkloadJitting  2: 16 op, 627500.00 ns, 39.2188 us/op

WorkloadPilot    1: 16 op, 17700.00 ns, 1.1063 us/op
WorkloadPilot    2: 32 op, 21100.00 ns, 659.3750 ns/op
WorkloadPilot    3: 64 op, 28300.00 ns, 442.1875 ns/op
WorkloadPilot    4: 128 op, 59500.00 ns, 464.8438 ns/op
WorkloadPilot    5: 256 op, 98400.00 ns, 384.3750 ns/op
WorkloadPilot    6: 512 op, 238000.00 ns, 464.8438 ns/op
WorkloadPilot    7: 1024 op, 380200.00 ns, 371.2891 ns/op
WorkloadPilot    8: 2048 op, 741500.00 ns, 362.0605 ns/op
WorkloadPilot    9: 4096 op, 1515700.00 ns, 370.0439 ns/op
WorkloadPilot   10: 8192 op, 4030500.00 ns, 492.0044 ns/op
WorkloadPilot   11: 16384 op, 6178800.00 ns, 377.1240 ns/op
WorkloadPilot   12: 32768 op, 9834900.00 ns, 300.1373 ns/op
WorkloadPilot   13: 65536 op, 17675000.00 ns, 269.6991 ns/op
WorkloadPilot   14: 131072 op, 35637200.00 ns, 271.8903 ns/op
WorkloadPilot   15: 262144 op, 69797200.00 ns, 266.2552 ns/op
WorkloadPilot   16: 524288 op, 93381400.00 ns, 178.1109 ns/op
WorkloadPilot   17: 1048576 op, 150512500.00 ns, 143.5399 ns/op
WorkloadPilot   18: 2097152 op, 301745400.00 ns, 143.8834 ns/op
WorkloadPilot   19: 4194304 op, 621800700.00 ns, 148.2488 ns/op

OverheadWarmup   1: 4194304 op, 11632800.00 ns, 2.7735 ns/op
OverheadWarmup   2: 4194304 op, 11746000.00 ns, 2.8005 ns/op
OverheadWarmup   3: 4194304 op, 11672400.00 ns, 2.7829 ns/op
OverheadWarmup   4: 4194304 op, 11482700.00 ns, 2.7377 ns/op
OverheadWarmup   5: 4194304 op, 11285200.00 ns, 2.6906 ns/op
OverheadWarmup   6: 4194304 op, 11146300.00 ns, 2.6575 ns/op
OverheadWarmup   7: 4194304 op, 11104300.00 ns, 2.6475 ns/op
OverheadWarmup   8: 4194304 op, 11363800.00 ns, 2.7093 ns/op
OverheadWarmup   9: 4194304 op, 11233100.00 ns, 2.6782 ns/op

OverheadActual   1: 4194304 op, 11190400.00 ns, 2.6680 ns/op
OverheadActual   2: 4194304 op, 11013500.00 ns, 2.6258 ns/op
OverheadActual   3: 4194304 op, 11002000.00 ns, 2.6231 ns/op
OverheadActual   4: 4194304 op, 11272500.00 ns, 2.6876 ns/op
OverheadActual   5: 4194304 op, 11156500.00 ns, 2.6599 ns/op
OverheadActual   6: 4194304 op, 11133900.00 ns, 2.6545 ns/op
OverheadActual   7: 4194304 op, 10989100.00 ns, 2.6200 ns/op
OverheadActual   8: 4194304 op, 11074000.00 ns, 2.6402 ns/op
OverheadActual   9: 4194304 op, 11204100.00 ns, 2.6713 ns/op
OverheadActual  10: 4194304 op, 11143200.00 ns, 2.6567 ns/op
OverheadActual  11: 4194304 op, 11115900.00 ns, 2.6502 ns/op
OverheadActual  12: 4194304 op, 11102500.00 ns, 2.6470 ns/op
OverheadActual  13: 4194304 op, 11089700.00 ns, 2.6440 ns/op
OverheadActual  14: 4194304 op, 11344200.00 ns, 2.7047 ns/op
OverheadActual  15: 4194304 op, 11266800.00 ns, 2.6862 ns/op

WorkloadWarmup   1: 4194304 op, 603803800.00 ns, 143.9580 ns/op
WorkloadWarmup   2: 4194304 op, 600144600.00 ns, 143.0856 ns/op
WorkloadWarmup   3: 4194304 op, 600535200.00 ns, 143.1787 ns/op

WorkloadActual   1: 4194304 op, 604926800.00 ns, 144.2258 ns/op
WorkloadActual   2: 4194304 op, 619506700.00 ns, 147.7019 ns/op
WorkloadActual   3: 4194304 op, 615085900.00 ns, 146.6479 ns/op

WorkloadResult   1: 4194304 op, 593792900.00 ns, 141.5713 ns/op
WorkloadResult   2: 4194304 op, 608372800.00 ns, 145.0474 ns/op
WorkloadResult   3: 4194304 op, 603952000.00 ns, 143.9934 ns/op
// GC:  288 0 0 2415922752 4194304
// Threading:  0 0 4194304


Mean = 143.537 ns, StdErr = 1.029 ns (0.72%), N = 3, StdDev = 1.782 ns
Min = 141.571 ns, Q1 = 142.782 ns, Median = 143.993 ns, Q3 = 144.520 ns, Max = 145.047 ns
IQR = 1.738 ns, LowerFence = 140.175 ns, UpperFence = 147.127 ns
ConfidenceInterval = [111.020 ns; 176.054 ns] (CI 99.9%), Margin = 32.517 ns (22.65% of Mean)
Skewness = -0.24, Kurtosis = 0.67, MValue = 2

// ** Remained 2 (10.0 %) benchmark(s) to run. Estimated finish 2026-08-30 15:56 (0h 0m from now) **
Setup power plan (GUID: 8c5e7fda-e8bf-4a96-9a85-a6e23a8c635c FriendlyName: Wysoka wydajność)
// **************************
// Benchmark: MappingBenchmarks.Cfe_Success: ShortRun(Toolchain=InProcessEmitToolchain, IterationCount=3, LaunchCount=1, WarmupCount=3)
// *** Execute ***
// Launch: 1 / 1

// Benchmark Process Environment Information:
// BenchmarkDotNet v0.15.4
// Runtime=.NET 10.0.9 (10.0.9, 10.0.926.27113), X64 RyuJIT x86-64-v3
// GC=Concurrent Workstation
// HardwareIntrinsics=AVX2+BMI1+BMI2+F16C+FMA+LZCNT+MOVBE,AVX,SSE3+SSSE3+SSE4.1+SSE4.2+POPCNT,X86Base+SSE+SSE2,AES+PCLMUL VectorSize=256
// Job: Job-ZYJCSJ(Toolchain=InProcessEmitToolchain, IterationCount=3, LaunchCount=1, WarmupCount=3)

OverheadJitting  1: 1 op, 283400.00 ns, 283.4000 us/op
WorkloadJitting  1: 1 op, 411971900.00 ns, 411.9719 ms/op

OverheadJitting  2: 1 op, 1300.00 ns, 1.3000 us/op
WorkloadJitting  2: 1 op, 2000.00 ns, 2.0000 us/op

OverheadJitting  3: 16 op, 659300.00 ns, 41.2063 us/op
WorkloadJitting  3: 16 op, 651700.00 ns, 40.7313 us/op

WorkloadPilot    1: 16 op, 2500.00 ns, 156.2500 ns/op
WorkloadPilot    2: 32 op, 4800.00 ns, 150.0000 ns/op
WorkloadPilot    3: 64 op, 2400.00 ns, 37.5000 ns/op
WorkloadPilot    4: 128 op, 3400.00 ns, 26.5625 ns/op
WorkloadPilot    5: 256 op, 5500.00 ns, 21.4844 ns/op
WorkloadPilot    6: 512 op, 10200.00 ns, 19.9219 ns/op
WorkloadPilot    7: 1024 op, 18700.00 ns, 18.2617 ns/op
WorkloadPilot    8: 2048 op, 35500.00 ns, 17.3340 ns/op
WorkloadPilot    9: 4096 op, 70800.00 ns, 17.2852 ns/op
WorkloadPilot   10: 8192 op, 201000.00 ns, 24.5361 ns/op
WorkloadPilot   11: 16384 op, 346600.00 ns, 21.1548 ns/op
WorkloadPilot   12: 32768 op, 684400.00 ns, 20.8862 ns/op
WorkloadPilot   13: 65536 op, 1354800.00 ns, 20.6726 ns/op
WorkloadPilot   14: 131072 op, 2730600.00 ns, 20.8328 ns/op
WorkloadPilot   15: 262144 op, 5636800.00 ns, 21.5027 ns/op
WorkloadPilot   16: 524288 op, 10569500.00 ns, 20.1597 ns/op
WorkloadPilot   17: 1048576 op, 18791500.00 ns, 17.9210 ns/op
WorkloadPilot   18: 2097152 op, 37992200.00 ns, 18.1161 ns/op
WorkloadPilot   19: 4194304 op, 71328000.00 ns, 17.0059 ns/op
WorkloadPilot   20: 8388608 op, 75337500.00 ns, 8.9809 ns/op
WorkloadPilot   21: 16777216 op, 124675400.00 ns, 7.4312 ns/op
WorkloadPilot   22: 33554432 op, 249731100.00 ns, 7.4426 ns/op
WorkloadPilot   23: 67108864 op, 495830900.00 ns, 7.3885 ns/op
WorkloadPilot   24: 134217728 op, 991936600.00 ns, 7.3905 ns/op

OverheadWarmup   1: 134217728 op, 355968900.00 ns, 2.6522 ns/op
OverheadWarmup   2: 134217728 op, 356664100.00 ns, 2.6574 ns/op
OverheadWarmup   3: 134217728 op, 355921100.00 ns, 2.6518 ns/op
OverheadWarmup   4: 134217728 op, 355230600.00 ns, 2.6467 ns/op
OverheadWarmup   5: 134217728 op, 356176000.00 ns, 2.6537 ns/op
OverheadWarmup   6: 134217728 op, 356421700.00 ns, 2.6555 ns/op
OverheadWarmup   7: 134217728 op, 356122100.00 ns, 2.6533 ns/op

OverheadActual   1: 134217728 op, 355810200.00 ns, 2.6510 ns/op
OverheadActual   2: 134217728 op, 355576200.00 ns, 2.6492 ns/op
OverheadActual   3: 134217728 op, 356000200.00 ns, 2.6524 ns/op
OverheadActual   4: 134217728 op, 356615600.00 ns, 2.6570 ns/op
OverheadActual   5: 134217728 op, 356085800.00 ns, 2.6530 ns/op
OverheadActual   6: 134217728 op, 356457400.00 ns, 2.6558 ns/op
OverheadActual   7: 134217728 op, 362227900.00 ns, 2.6988 ns/op
OverheadActual   8: 134217728 op, 359014600.00 ns, 2.6749 ns/op
OverheadActual   9: 134217728 op, 357150100.00 ns, 2.6610 ns/op
OverheadActual  10: 134217728 op, 357676600.00 ns, 2.6649 ns/op
OverheadActual  11: 134217728 op, 356229800.00 ns, 2.6541 ns/op
OverheadActual  12: 134217728 op, 356203100.00 ns, 2.6539 ns/op
OverheadActual  13: 134217728 op, 356442800.00 ns, 2.6557 ns/op
OverheadActual  14: 134217728 op, 356967800.00 ns, 2.6596 ns/op
OverheadActual  15: 134217728 op, 356694300.00 ns, 2.6576 ns/op

WorkloadWarmup   1: 134217728 op, 1036838800.00 ns, 7.7251 ns/op
WorkloadWarmup   2: 134217728 op, 995848500.00 ns, 7.4196 ns/op
WorkloadWarmup   3: 134217728 op, 991891300.00 ns, 7.3902 ns/op

WorkloadActual   1: 134217728 op, 993497700.00 ns, 7.4021 ns/op
WorkloadActual   2: 134217728 op, 1013153500.00 ns, 7.5486 ns/op
WorkloadActual   3: 134217728 op, 993699400.00 ns, 7.4036 ns/op

WorkloadResult   1: 134217728 op, 637040300.00 ns, 4.7463 ns/op
WorkloadResult   2: 134217728 op, 656696100.00 ns, 4.8928 ns/op
WorkloadResult   3: 134217728 op, 637242000.00 ns, 4.7478 ns/op
// GC:  385 0 0 3221229120 134217728
// Threading:  0 0 134217728


Mean = 4.796 ns, StdErr = 0.049 ns (1.01%), N = 3, StdDev = 0.084 ns
Min = 4.746 ns, Q1 = 4.747 ns, Median = 4.748 ns, Q3 = 4.820 ns, Max = 4.893 ns
IQR = 0.073 ns, LowerFence = 4.637 ns, UpperFence = 4.930 ns
ConfidenceInterval = [3.261 ns; 6.330 ns] (CI 99.9%), Margin = 1.535 ns (32.00% of Mean)
Skewness = 0.38, Kurtosis = 0.67, MValue = 2

// ** Remained 1 (5.0 %) benchmark(s) to run. Estimated finish 2026-08-30 15:56 (0h 0m from now) **
Setup power plan (GUID: 8c5e7fda-e8bf-4a96-9a85-a6e23a8c635c FriendlyName: Wysoka wydajność)
// **************************
// Benchmark: MappingBenchmarks.Cfe_Failure: ShortRun(Toolchain=InProcessEmitToolchain, IterationCount=3, LaunchCount=1, WarmupCount=3)
// *** Execute ***
// Launch: 1 / 1

// Benchmark Process Environment Information:
// BenchmarkDotNet v0.15.4
// Runtime=.NET 10.0.9 (10.0.9, 10.0.926.27113), X64 RyuJIT x86-64-v3
// GC=Concurrent Workstation
// HardwareIntrinsics=AVX2+BMI1+BMI2+F16C+FMA+LZCNT+MOVBE,AVX,SSE3+SSSE3+SSE4.1+SSE4.2+POPCNT,X86Base+SSE+SSE2,AES+PCLMUL VectorSize=256
// Job: Job-ZYJCSJ(Toolchain=InProcessEmitToolchain, IterationCount=3, LaunchCount=1, WarmupCount=3)

OverheadJitting  1: 1 op, 223000.00 ns, 223.0000 us/op
WorkloadJitting  1: 1 op, 560100.00 ns, 560.1000 us/op

OverheadJitting  2: 16 op, 655300.00 ns, 40.9563 us/op
WorkloadJitting  2: 16 op, 598000.00 ns, 37.3750 us/op

WorkloadPilot    1: 16 op, 6100.00 ns, 381.2500 ns/op
WorkloadPilot    2: 32 op, 20100.00 ns, 628.1250 ns/op
WorkloadPilot    3: 64 op, 20200.00 ns, 315.6250 ns/op
WorkloadPilot    4: 128 op, 36600.00 ns, 285.9375 ns/op
WorkloadPilot    5: 256 op, 66300.00 ns, 258.9844 ns/op
WorkloadPilot    6: 512 op, 137200.00 ns, 267.9688 ns/op
WorkloadPilot    7: 1024 op, 265600.00 ns, 259.3750 ns/op
WorkloadPilot    8: 2048 op, 494500.00 ns, 241.4551 ns/op
WorkloadPilot    9: 4096 op, 967800.00 ns, 236.2793 ns/op
WorkloadPilot   10: 8192 op, 2588800.00 ns, 316.0156 ns/op
WorkloadPilot   11: 16384 op, 3872500.00 ns, 236.3586 ns/op
WorkloadPilot   12: 32768 op, 5836300.00 ns, 178.1097 ns/op
WorkloadPilot   13: 65536 op, 9887900.00 ns, 150.8774 ns/op
WorkloadPilot   14: 131072 op, 19343300.00 ns, 147.5777 ns/op
WorkloadPilot   15: 262144 op, 38539500.00 ns, 147.0165 ns/op
WorkloadPilot   16: 524288 op, 76461500.00 ns, 145.8387 ns/op
WorkloadPilot   17: 1048576 op, 148575000.00 ns, 141.6922 ns/op
WorkloadPilot   18: 2097152 op, 290205500.00 ns, 138.3808 ns/op
WorkloadPilot   19: 4194304 op, 589261800.00 ns, 140.4910 ns/op

OverheadWarmup   1: 4194304 op, 11127500.00 ns, 2.6530 ns/op
OverheadWarmup   2: 4194304 op, 11282000.00 ns, 2.6898 ns/op
OverheadWarmup   3: 4194304 op, 11176000.00 ns, 2.6646 ns/op
OverheadWarmup   4: 4194304 op, 11233100.00 ns, 2.6782 ns/op
OverheadWarmup   5: 4194304 op, 11093300.00 ns, 2.6448 ns/op

OverheadActual   1: 4194304 op, 11196700.00 ns, 2.6695 ns/op
OverheadActual   2: 4194304 op, 11193300.00 ns, 2.6687 ns/op
OverheadActual   3: 4194304 op, 11093900.00 ns, 2.6450 ns/op
OverheadActual   4: 4194304 op, 11070100.00 ns, 2.6393 ns/op
OverheadActual   5: 4194304 op, 11062800.00 ns, 2.6376 ns/op
OverheadActual   6: 4194304 op, 11132800.00 ns, 2.6543 ns/op
OverheadActual   7: 4194304 op, 11433000.00 ns, 2.7258 ns/op
OverheadActual   8: 4194304 op, 11181600.00 ns, 2.6659 ns/op
OverheadActual   9: 4194304 op, 10998300.00 ns, 2.6222 ns/op
OverheadActual  10: 4194304 op, 11130100.00 ns, 2.6536 ns/op
OverheadActual  11: 4194304 op, 11216600.00 ns, 2.6742 ns/op
OverheadActual  12: 4194304 op, 11144500.00 ns, 2.6571 ns/op
OverheadActual  13: 4194304 op, 11358700.00 ns, 2.7081 ns/op
OverheadActual  14: 4194304 op, 11183100.00 ns, 2.6663 ns/op
OverheadActual  15: 4194304 op, 11086400.00 ns, 2.6432 ns/op

WorkloadWarmup   1: 4194304 op, 582206900.00 ns, 138.8089 ns/op
WorkloadWarmup   2: 4194304 op, 589546400.00 ns, 140.5588 ns/op
WorkloadWarmup   3: 4194304 op, 577796800.00 ns, 137.7575 ns/op

WorkloadActual   1: 4194304 op, 580216100.00 ns, 138.3343 ns/op
WorkloadActual   2: 4194304 op, 578496500.00 ns, 137.9243 ns/op
WorkloadActual   3: 4194304 op, 578250000.00 ns, 137.8655 ns/op

WorkloadResult   1: 4194304 op, 569071600.00 ns, 135.6772 ns/op
WorkloadResult   2: 4194304 op, 567352000.00 ns, 135.2673 ns/op
WorkloadResult   3: 4194304 op, 567105500.00 ns, 135.2085 ns/op
// GC:  288 0 0 2415922752 4194304
// Threading:  0 0 4194304


Mean = 135.384 ns, StdErr = 0.147 ns (0.11%), N = 3, StdDev = 0.255 ns
Min = 135.208 ns, Q1 = 135.238 ns, Median = 135.267 ns, Q3 = 135.472 ns, Max = 135.677 ns
IQR = 0.234 ns, LowerFence = 134.886 ns, UpperFence = 135.824 ns
ConfidenceInterval = [130.725 ns; 140.043 ns] (CI 99.9%), Margin = 4.659 ns (3.44% of Mean)
Skewness = 0.36, Kurtosis = 0.67, MValue = 2

// ** Remained 0 (0.0 %) benchmark(s) to run. Estimated finish 2026-08-30 15:56 (0h 0m from now) **
Successfully reverted power plan (GUID: 8c5e7fda-e8bf-4a96-9a85-a6e23a8c635c FriendlyName: Wysoka wydajność)
// ***** BenchmarkRunner: Finish  *****

// * Export *
  BenchmarkDotNet.Artifacts\results\ErrorApi.Benchmarks.MappingBenchmarks-report.csv
  BenchmarkDotNet.Artifacts\results\ErrorApi.Benchmarks.MappingBenchmarks-report-github.md
  BenchmarkDotNet.Artifacts\results\ErrorApi.Benchmarks.MappingBenchmarks-report.html

// * Detailed results *
MappingBenchmarks.Raw_TypedResults_Ok: ShortRun(Toolchain=InProcessEmitToolchain, IterationCount=3, LaunchCount=1, WarmupCount=3)
Runtime = ; GC = 
Mean = 4.509 ns, StdErr = 0.052 ns (1.15%), N = 3, StdDev = 0.090 ns
Min = 4.405 ns, Q1 = 4.479 ns, Median = 4.553 ns, Q3 = 4.560 ns, Max = 4.568 ns
IQR = 0.081 ns, LowerFence = 4.357 ns, UpperFence = 4.682 ns
ConfidenceInterval = [2.865 ns; 6.152 ns] (CI 99.9%), Margin = 1.644 ns (36.46% of Mean)
Skewness = -0.37, Kurtosis = 0.67, MValue = 2
-------------------- Histogram --------------------
[4.404 ns ; 4.568 ns) | @@@
---------------------------------------------------

MappingBenchmarks.Raw_TypedResults_Problem: ShortRun(Toolchain=InProcessEmitToolchain, IterationCount=3, LaunchCount=1, WarmupCount=3)
Runtime = ; GC = 
Mean = 23.874 ns, StdErr = 0.120 ns (0.50%), N = 3, StdDev = 0.207 ns
Min = 23.642 ns, Q1 = 23.792 ns, Median = 23.942 ns, Q3 = 23.991 ns, Max = 24.039 ns
IQR = 0.199 ns, LowerFence = 23.494 ns, UpperFence = 24.289 ns
ConfidenceInterval = [20.093 ns; 27.655 ns] (CI 99.9%), Margin = 3.781 ns (15.84% of Mean)
Skewness = -0.29, Kurtosis = 0.67, MValue = 2
-------------------- Histogram --------------------
[23.453 ns ; 24.228 ns) | @@@
---------------------------------------------------

MappingBenchmarks.Lookup_FindError: ShortRun(Toolchain=InProcessEmitToolchain, IterationCount=3, LaunchCount=1, WarmupCount=3)
Runtime = ; GC = 
Mean = 5.268 ns, StdErr = 0.012 ns (0.23%), N = 3, StdDev = 0.021 ns
Min = 5.250 ns, Q1 = 5.256 ns, Median = 5.262 ns, Q3 = 5.277 ns, Max = 5.291 ns
IQR = 0.021 ns, LowerFence = 5.225 ns, UpperFence = 5.308 ns
ConfidenceInterval = [4.880 ns; 5.656 ns] (CI 99.9%), Margin = 0.388 ns (7.36% of Mean)
Skewness = 0.24, Kurtosis = 0.67, MValue = 2
-------------------- Histogram --------------------
[5.231 ns ; 5.311 ns) | @@@
---------------------------------------------------

MappingBenchmarks.Lookup_FindError_miss: ShortRun(Toolchain=InProcessEmitToolchain, IterationCount=3, LaunchCount=1, WarmupCount=3)
Runtime = ; GC = 
Mean = 6.208 ns, StdErr = 0.014 ns (0.22%), N = 3, StdDev = 0.024 ns
Min = 6.193 ns, Q1 = 6.194 ns, Median = 6.195 ns, Q3 = 6.215 ns, Max = 6.235 ns
IQR = 0.021 ns, LowerFence = 6.163 ns, UpperFence = 6.246 ns
ConfidenceInterval = [5.778 ns; 6.637 ns] (CI 99.9%), Margin = 0.430 ns (6.92% of Mean)
Skewness = 0.38, Kurtosis = 0.67, MValue = 2
-------------------- Histogram --------------------
[6.192 ns ; 6.235 ns) | @@@
---------------------------------------------------

MappingBenchmarks.Lookup_FindErrorForInstance: ShortRun(Toolchain=InProcessEmitToolchain, IterationCount=3, LaunchCount=1, WarmupCount=3)
Runtime = ; GC = 
Mean = 2.335 ns, StdErr = 0.004 ns (0.18%), N = 3, StdDev = 0.007 ns
Min = 2.330 ns, Q1 = 2.331 ns, Median = 2.332 ns, Q3 = 2.338 ns, Max = 2.343 ns
IQR = 0.007 ns, LowerFence = 2.321 ns, UpperFence = 2.348 ns
ConfidenceInterval = [2.205 ns; 2.466 ns] (CI 99.9%), Margin = 0.130 ns (5.58% of Mean)
Skewness = 0.34, Kurtosis = 0.67, MValue = 2
-------------------- Histogram --------------------
[2.323 ns ; 2.350 ns) | @@@
---------------------------------------------------

MappingBenchmarks.Lookup_TryGetEndpointErrors: ShortRun(Toolchain=InProcessEmitToolchain, IterationCount=3, LaunchCount=1, WarmupCount=3)
Runtime = ; GC = 
Mean = 2.901 ns, StdErr = 0.012 ns (0.40%), N = 3, StdDev = 0.020 ns
Min = 2.881 ns, Q1 = 2.891 ns, Median = 2.902 ns, Q3 = 2.911 ns, Max = 2.921 ns
IQR = 0.020 ns, LowerFence = 2.861 ns, UpperFence = 2.941 ns
ConfidenceInterval = [2.536 ns; 3.266 ns] (CI 99.9%), Margin = 0.365 ns (12.58% of Mean)
Skewness = -0.03, Kurtosis = 0.67, MValue = 2
-------------------- Histogram --------------------
[2.863 ns ; 2.939 ns) | @@@
---------------------------------------------------

MappingBenchmarks.Core_Success: ShortRun(Toolchain=InProcessEmitToolchain, IterationCount=3, LaunchCount=1, WarmupCount=3)
Runtime = ; GC = 
Mean = 4.355 ns, StdErr = 0.026 ns (0.60%), N = 3, StdDev = 0.045 ns
Min = 4.312 ns, Q1 = 4.332 ns, Median = 4.353 ns, Q3 = 4.377 ns, Max = 4.402 ns
IQR = 0.045 ns, LowerFence = 4.264 ns, UpperFence = 4.445 ns
ConfidenceInterval = [3.530 ns; 5.181 ns] (CI 99.9%), Margin = 0.825 ns (18.94% of Mean)
Skewness = 0.06, Kurtosis = 0.67, MValue = 2
-------------------- Histogram --------------------
[4.289 ns ; 4.443 ns) | @@@
---------------------------------------------------

MappingBenchmarks.Core_Failure: ShortRun(Toolchain=InProcessEmitToolchain, IterationCount=3, LaunchCount=1, WarmupCount=3)
Runtime = ; GC = 
Mean = 130.188 ns, StdErr = 0.930 ns (0.71%), N = 3, StdDev = 1.611 ns
Min = 128.409 ns, Q1 = 129.508 ns, Median = 130.607 ns, Q3 = 131.078 ns, Max = 131.549 ns
IQR = 1.570 ns, LowerFence = 127.153 ns, UpperFence = 133.433 ns
ConfidenceInterval = [100.792 ns; 159.585 ns] (CI 99.9%), Margin = 29.397 ns (22.58% of Mean)
Skewness = -0.24, Kurtosis = 0.67, MValue = 2
-------------------- Histogram --------------------
[126.942 ns ; 129.612 ns) | @
[129.612 ns ; 133.015 ns) | @@
---------------------------------------------------

MappingBenchmarks.ErrorOr_Success: ShortRun(Toolchain=InProcessEmitToolchain, IterationCount=3, LaunchCount=1, WarmupCount=3)
Runtime = ; GC = 
Mean = 4.478 ns, StdErr = 0.005 ns (0.12%), N = 3, StdDev = 0.009 ns
Min = 4.471 ns, Q1 = 4.473 ns, Median = 4.475 ns, Q3 = 4.482 ns, Max = 4.489 ns
IQR = 0.009 ns, LowerFence = 4.460 ns, UpperFence = 4.495 ns
ConfidenceInterval = [4.311 ns; 4.646 ns] (CI 99.9%), Margin = 0.167 ns (3.74% of Mean)
Skewness = 0.29, Kurtosis = 0.67, MValue = 2
-------------------- Histogram --------------------
[4.463 ns ; 4.497 ns) | @@@
---------------------------------------------------

MappingBenchmarks.ErrorOr_Failure: ShortRun(Toolchain=InProcessEmitToolchain, IterationCount=3, LaunchCount=1, WarmupCount=3)
Runtime = ; GC = 
Mean = 143.166 ns, StdErr = 0.757 ns (0.53%), N = 3, StdDev = 1.311 ns
Min = 141.818 ns, Q1 = 142.531 ns, Median = 143.244 ns, Q3 = 143.840 ns, Max = 144.436 ns
IQR = 1.309 ns, LowerFence = 140.567 ns, UpperFence = 145.804 ns
ConfidenceInterval = [119.251 ns; 167.081 ns] (CI 99.9%), Margin = 23.915 ns (16.70% of Mean)
Skewness = -0.06, Kurtosis = 0.67, MValue = 2
-------------------- Histogram --------------------
[140.625 ns ; 145.279 ns) | @@@
---------------------------------------------------

MappingBenchmarks.OneOf_Success: ShortRun(Toolchain=InProcessEmitToolchain, IterationCount=3, LaunchCount=1, WarmupCount=3)
Runtime = ; GC = 
Mean = 5.479 ns, StdErr = 0.047 ns (0.86%), N = 3, StdDev = 0.081 ns
Min = 5.386 ns, Q1 = 5.453 ns, Median = 5.520 ns, Q3 = 5.526 ns, Max = 5.532 ns
IQR = 0.073 ns, LowerFence = 5.343 ns, UpperFence = 5.636 ns
ConfidenceInterval = [3.996 ns; 6.962 ns] (CI 99.9%), Margin = 1.483 ns (27.07% of Mean)
Skewness = -0.38, Kurtosis = 0.67, MValue = 2
-------------------- Histogram --------------------
[5.385 ns ; 5.533 ns) | @@@
---------------------------------------------------

MappingBenchmarks.OneOf_Failure: ShortRun(Toolchain=InProcessEmitToolchain, IterationCount=3, LaunchCount=1, WarmupCount=3)
Runtime = ; GC = 
Mean = 143.471 ns, StdErr = 1.218 ns (0.85%), N = 3, StdDev = 2.109 ns
Min = 141.280 ns, Q1 = 142.463 ns, Median = 143.646 ns, Q3 = 144.566 ns, Max = 145.487 ns
IQR = 2.104 ns, LowerFence = 139.307 ns, UpperFence = 147.722 ns
ConfidenceInterval = [104.994 ns; 181.947 ns] (CI 99.9%), Margin = 38.477 ns (26.82% of Mean)
Skewness = -0.08, Kurtosis = 0.67, MValue = 2
-------------------- Histogram --------------------
[139.361 ns ; 142.647 ns) | @
[142.647 ns ; 146.486 ns) | @@
---------------------------------------------------

MappingBenchmarks.LanguageExt_Success: ShortRun(Toolchain=InProcessEmitToolchain, IterationCount=3, LaunchCount=1, WarmupCount=3)
Runtime = ; GC = 
Mean = 5.697 ns, StdErr = 0.047 ns (0.82%), N = 3, StdDev = 0.081 ns
Min = 5.605 ns, Q1 = 5.668 ns, Median = 5.732 ns, Q3 = 5.743 ns, Max = 5.754 ns
IQR = 0.075 ns, LowerFence = 5.556 ns, UpperFence = 5.855 ns
ConfidenceInterval = [4.226 ns; 7.168 ns] (CI 99.9%), Margin = 1.471 ns (25.82% of Mean)
Skewness = -0.35, Kurtosis = 0.67, MValue = 2
-------------------- Histogram --------------------
[5.531 ns ; 5.670 ns) | @
[5.670 ns ; 5.828 ns) | @@
---------------------------------------------------

MappingBenchmarks.LanguageExt_Failure: ShortRun(Toolchain=InProcessEmitToolchain, IterationCount=3, LaunchCount=1, WarmupCount=3)
Runtime = ; GC = 
Mean = 151.342 ns, StdErr = 0.654 ns (0.43%), N = 3, StdDev = 1.133 ns
Min = 150.571 ns, Q1 = 150.691 ns, Median = 150.812 ns, Q3 = 151.728 ns, Max = 152.643 ns
IQR = 1.036 ns, LowerFence = 149.137 ns, UpperFence = 153.282 ns
ConfidenceInterval = [130.664 ns; 172.020 ns] (CI 99.9%), Margin = 20.678 ns (13.66% of Mean)
Skewness = 0.37, Kurtosis = 0.67, MValue = 2
-------------------- Histogram --------------------
[149.540 ns ; 153.675 ns) | @@@
---------------------------------------------------

MappingBenchmarks.FluentResults_Success: ShortRun(Toolchain=InProcessEmitToolchain, IterationCount=3, LaunchCount=1, WarmupCount=3)
Runtime = ; GC = 
Mean = 52.492 ns, StdErr = 0.274 ns (0.52%), N = 3, StdDev = 0.475 ns
Min = 51.954 ns, Q1 = 52.311 ns, Median = 52.668 ns, Q3 = 52.761 ns, Max = 52.854 ns
IQR = 0.450 ns, LowerFence = 51.636 ns, UpperFence = 53.436 ns
ConfidenceInterval = [43.825 ns; 61.159 ns] (CI 99.9%), Margin = 8.667 ns (16.51% of Mean)
Skewness = -0.32, Kurtosis = 0.67, MValue = 2
-------------------- Histogram --------------------
[51.522 ns ; 53.287 ns) | @@@
---------------------------------------------------

MappingBenchmarks.FluentResults_Failure: ShortRun(Toolchain=InProcessEmitToolchain, IterationCount=3, LaunchCount=1, WarmupCount=3)
Runtime = ; GC = 
Mean = 243.782 ns, StdErr = 2.370 ns (0.97%), N = 3, StdDev = 4.105 ns
Min = 239.505 ns, Q1 = 241.828 ns, Median = 244.150 ns, Q3 = 245.920 ns, Max = 247.691 ns
IQR = 4.093 ns, LowerFence = 235.689 ns, UpperFence = 252.059 ns
ConfidenceInterval = [168.891 ns; 318.673 ns] (CI 99.9%), Margin = 74.891 ns (30.72% of Mean)
Skewness = -0.09, Kurtosis = 0.67, MValue = 2
-------------------- Histogram --------------------
[235.770 ns ; 242.185 ns) | @
[242.185 ns ; 249.656 ns) | @@
---------------------------------------------------

MappingBenchmarks.Ardalis_Success: ShortRun(Toolchain=InProcessEmitToolchain, IterationCount=3, LaunchCount=1, WarmupCount=3)
Runtime = ; GC = 
Mean = 4.227 ns, StdErr = 0.040 ns (0.95%), N = 3, StdDev = 0.070 ns
Min = 4.147 ns, Q1 = 4.206 ns, Median = 4.266 ns, Q3 = 4.267 ns, Max = 4.269 ns
IQR = 0.061 ns, LowerFence = 4.114 ns, UpperFence = 4.359 ns
ConfidenceInterval = [2.955 ns; 5.500 ns] (CI 99.9%), Margin = 1.273 ns (30.10% of Mean)
Skewness = -0.38, Kurtosis = 0.67, MValue = 2
-------------------- Histogram --------------------
[4.144 ns ; 4.271 ns) | @@@
---------------------------------------------------

MappingBenchmarks.Ardalis_Failure: ShortRun(Toolchain=InProcessEmitToolchain, IterationCount=3, LaunchCount=1, WarmupCount=3)
Runtime = ; GC = 
Mean = 143.537 ns, StdErr = 1.029 ns (0.72%), N = 3, StdDev = 1.782 ns
Min = 141.571 ns, Q1 = 142.782 ns, Median = 143.993 ns, Q3 = 144.520 ns, Max = 145.047 ns
IQR = 1.738 ns, LowerFence = 140.175 ns, UpperFence = 147.127 ns
ConfidenceInterval = [111.020 ns; 176.054 ns] (CI 99.9%), Margin = 32.517 ns (22.65% of Mean)
Skewness = -0.24, Kurtosis = 0.67, MValue = 2
-------------------- Histogram --------------------
[139.949 ns ; 142.898 ns) | @
[142.898 ns ; 146.669 ns) | @@
---------------------------------------------------

MappingBenchmarks.Cfe_Success: ShortRun(Toolchain=InProcessEmitToolchain, IterationCount=3, LaunchCount=1, WarmupCount=3)
Runtime = ; GC = 
Mean = 4.796 ns, StdErr = 0.049 ns (1.01%), N = 3, StdDev = 0.084 ns
Min = 4.746 ns, Q1 = 4.747 ns, Median = 4.748 ns, Q3 = 4.820 ns, Max = 4.893 ns
IQR = 0.073 ns, LowerFence = 4.637 ns, UpperFence = 4.930 ns
ConfidenceInterval = [3.261 ns; 6.330 ns] (CI 99.9%), Margin = 1.535 ns (32.00% of Mean)
Skewness = 0.38, Kurtosis = 0.67, MValue = 2
-------------------- Histogram --------------------
[4.743 ns ; 4.896 ns) | @@@
---------------------------------------------------

MappingBenchmarks.Cfe_Failure: ShortRun(Toolchain=InProcessEmitToolchain, IterationCount=3, LaunchCount=1, WarmupCount=3)
Runtime = ; GC = 
Mean = 135.384 ns, StdErr = 0.147 ns (0.11%), N = 3, StdDev = 0.255 ns
Min = 135.208 ns, Q1 = 135.238 ns, Median = 135.267 ns, Q3 = 135.472 ns, Max = 135.677 ns
IQR = 0.234 ns, LowerFence = 134.886 ns, UpperFence = 135.824 ns
ConfidenceInterval = [130.725 ns; 140.043 ns] (CI 99.9%), Margin = 4.659 ns (3.44% of Mean)
Skewness = 0.36, Kurtosis = 0.67, MValue = 2
-------------------- Histogram --------------------
[134.976 ns ; 135.910 ns) | @@@
---------------------------------------------------

// * Summary *

BenchmarkDotNet v0.15.4, Windows 11 (10.0.26200.9168)
Intel Core i9-9900K CPU 3.60GHz (Coffee Lake), 1 CPU, 16 logical and 8 physical cores
.NET SDK 11.0.100-preview.5.26302.115
  [Host] : .NET 10.0.9 (10.0.9, 10.0.926.27113), X64 RyuJIT x86-64-v3

Job=ShortRun  Toolchain=InProcessEmitToolchain  IterationCount=3  
LaunchCount=1  WarmupCount=3  

| Method                      | Mean       | Error      | StdDev    | Ratio | RatioSD | Gen0   | Allocated | Alloc Ratio |
|---------------------------- |-----------:|-----------:|----------:|------:|--------:|-------:|----------:|------------:|
| Raw_TypedResults_Ok         |   4.509 ns |  1.6437 ns | 0.0901 ns |  1.00 |    0.02 | 0.0029 |      24 B |        1.00 |
| Raw_TypedResults_Problem    |  23.874 ns |  3.7808 ns | 0.2072 ns |  5.30 |    0.10 | 0.0201 |     168 B |        7.00 |
| Lookup_FindError            |   5.268 ns |  0.3876 ns | 0.0212 ns |  1.17 |    0.02 |      - |         - |        0.00 |
| Lookup_FindError_miss       |   6.208 ns |  0.4297 ns | 0.0236 ns |  1.38 |    0.02 |      - |         - |        0.00 |
| Lookup_FindErrorForInstance |   2.335 ns |  0.1304 ns | 0.0071 ns |  0.52 |    0.01 |      - |         - |        0.00 |
| Lookup_TryGetEndpointErrors |   2.901 ns |  0.3649 ns | 0.0200 ns |  0.64 |    0.01 |      - |         - |        0.00 |
| Core_Success                |   4.355 ns |  0.8251 ns | 0.0452 ns |  0.97 |    0.02 | 0.0029 |      24 B |        1.00 |
| Core_Failure                | 130.188 ns | 29.3966 ns | 1.6113 ns | 28.88 |    0.59 | 0.0687 |     576 B |       24.00 |
| ErrorOr_Success             |   4.478 ns |  0.1675 ns | 0.0092 ns |  0.99 |    0.02 | 0.0029 |      24 B |        1.00 |
| ErrorOr_Failure             | 143.166 ns | 23.9149 ns | 1.3109 ns | 31.76 |    0.61 | 0.0687 |     576 B |       24.00 |
| OneOf_Success               |   5.479 ns |  1.4832 ns | 0.0813 ns |  1.22 |    0.03 | 0.0029 |      24 B |        1.00 |
| OneOf_Failure               | 143.471 ns | 38.4766 ns | 2.1090 ns | 31.83 |    0.69 | 0.0687 |     576 B |       24.00 |
| LanguageExt_Success         |   5.697 ns |  1.4708 ns | 0.0806 ns |  1.26 |    0.03 | 0.0029 |      24 B |        1.00 |
| LanguageExt_Failure         | 151.342 ns | 20.6778 ns | 1.1334 ns | 33.58 |    0.63 | 0.0687 |     576 B |       24.00 |
| FluentResults_Success       |  52.492 ns |  8.6665 ns | 0.4750 ns | 11.65 |    0.22 | 0.0143 |     120 B |        5.00 |
| FluentResults_Failure       | 243.782 ns | 74.8911 ns | 4.1050 ns | 54.08 |    1.23 | 0.1001 |     840 B |       35.00 |
| Ardalis_Success             |   4.227 ns |  1.2726 ns | 0.0698 ns |  0.94 |    0.02 | 0.0029 |      24 B |        1.00 |
| Ardalis_Failure             | 143.537 ns | 32.5170 ns | 1.7824 ns | 31.84 |    0.65 | 0.0687 |     576 B |       24.00 |
| Cfe_Success                 |   4.796 ns |  1.5347 ns | 0.0841 ns |  1.06 |    0.02 | 0.0029 |      24 B |        1.00 |
| Cfe_Failure                 | 135.384 ns |  4.6588 ns | 0.2554 ns | 30.04 |    0.53 | 0.0687 |     576 B |       24.00 |

// * Legends *
  Mean        : Arithmetic mean of all measurements
  Error       : Half of 99.9% confidence interval
  StdDev      : Standard deviation of all measurements
  Ratio       : Mean of the ratio distribution ([Current]/[Baseline])
  RatioSD     : Standard deviation of the ratio distribution ([Current]/[Baseline])
  Gen0        : GC Generation 0 collects per 1000 operations
  Allocated   : Allocated memory per single operation (managed only, inclusive, 1KB = 1024B)
  Alloc Ratio : Allocated memory ratio distribution ([Current]/[Baseline])
  1 ns        : 1 Nanosecond (0.000000001 sec)

// * Diagnostic Output - MemoryDiagnoser *


// ***** BenchmarkRunner: End *****
Run time: 00:03:30 (210.48 sec), executed benchmarks: 20

Global total time: 00:03:31 (211.75 sec), executed benchmarks: 20
// * Artifacts cleanup *
Artifacts cleanup is finished
